Topic,Count,Name,Representation,Representative_Docs
-1,27711,人名|一个|中国|我们,"['人名', '一个', '中国', '我们', '自己', '工作', '什么', '这个', '发展', '没有']","['每日一笑看到新英雄第一眼我就知道,那个男人他回来了','制造,科技开发,应用研究,运行管理和经营销售等方面工作的高级工程','优秀企业展示平台产品消费科普平台技术装备推广平台行业资讯发布平台']"
0,1495,治疗|手术|患者|身体,"['治疗', '手术', '患者', '身体', '食物', '症状', '医生', '健康', '宝宝', '饮食']","['水果中含有人体所需的多种维生素,既能为孕妈补充营养,又对皮肤有','之后患者病情稳定,未进行手术治疗.','对于血液病患者,特别是血液肿瘤患者,治疗中常用的抗肿瘤药物是导致']"
1,1478,球队|比赛|球员|奥运会,"['球队', '比赛', '球员', '奥运会', '冠军', '赛季', '女排', '奥运', '球迷', '足球']","['本赛季甲骨文球场将是勇士最后一个赛季使用的主场,下赛季勇士','nba新赛季结束,球队不能聚集性训练,一个人的篮球有意义吗?','目前中超联赛已经结束了第一阶段的比赛,本赛季的中超联赛在限薪令和']"
2,956,网友|曝光|人名|明星,"['网友', '曝光', '人名', '明星', '女星', '美女', '组图', '近照', '古装', '身材']","['女明星的素颜照片到底是真是假?不化妆原来也能上封面','人名29岁女儿近照曝光貌似tvb杨怡','人名人名杨幂人名郑爽女星古装合照谁被艳压']"
3,567,标题|ppt|苗家|背上,"['标题', 'ppt', '苗家', '背上', '人名', '收下', '优品', 'jpg', '女人', '03']","['cc重要识点复知','标题海岛朝霞','标题过军渡']"
4,483,suv|全新|上市|奔驰,"['suv', '全新', '上市', '奔驰', '试驾', '车展', '丰田', '大众', '实拍', '车型']","['宝马2019款报价多少钱优惠惊喜促销售全国','动力提升内饰质感升级吉利新远景suv实拍解析','2020款加版奔驰gls450现车价格豪华suv']"
5,437,书法|艺术|作品|欣赏,"['书法', '艺术', '作品', '欣赏', '国画', '书画', '旧书网', '画家', '作品展', '美术馆']","['人名隶书字帖欣赏人名隶书杜甫诗选书法字帖图片20张','著名书法名家人名书法艺术欣赏','中国当代最具收藏价值的书画家人名作品欣赏']"
6,418,民警|警方|男子|犯罪,"['民警', '警方', '男子', '犯罪', '嫌疑人', '宣判', '涉嫌', '事故', '涉案', '身亡']","['目前,26名犯罪嫌疑人已被刑事拘留,案件正在进一步侦办当中.','黄山警方征集这个犯罪团伙违法犯罪线索.附9个犯罪嫌疑人照片.','8月18号,嫌疑人张某被开发区警方依法刑事拘留,案件']"
7,367,搭配|穿搭|优雅|时髦,"['搭配', '穿搭', '优雅', '时髦', '牛仔裤', '黑色', '白色', '流行', '紧身', '时尚']","['真正精致的女人穿衣都懂这几个搭配思路显优雅又有气质','白色衬衣搭配一条简单的牛仔裤,就这样简单的搭配也穿出时尚大牌的','黑色条纹衫搭配黑色短裤,同色系搭配起来又显瘦又精神,很适合微胖的']"
8,331,皇帝|曹操|刘备|三国,"['皇帝', '曹操', '刘备', '三国', '关羽', '诸葛亮', '乾隆', '大臣', '名将', '赵云']","['孙权偷袭荆州前,关羽曾收过曹操密信,可惜关羽当时犹豫了','在汉中之战,曹操虽然没能打败刘备,但是曹操却做了几件大事情,不但','清朝皇帝酷爱钟表收藏,顺治,康熙,乾隆三位皇帝尤甚.']"
9,318,装修|空间|客厅|阳台,"['装修', '空间', '客厅', '阳台', '厨房', '墙面', '搭配', '风格', '吊顶', '收纳']","['装过的都笑了.装修达人装修','首页家居装修正文外墙为实木,瓷砖为欧式.它是一种装修风格.','电视背景墙是客厅里最重要的地方之一了,整个家庭装修氛围都是让人']"
10,316,王者|荣耀|英雄|游戏,"['王者', '荣耀', '英雄', '游戏', '攻略', '手游', '皮肤', '玩家', '联盟', '技能']","['王者荣耀荣耀水晶最值得兑换的3款皮肤,图5深受女玩家喜欢.','王者荣耀中的微信界面','王者荣耀关羽新皮肤王者荣耀kpl英雄被ban次']"
11,312,人生|自己|永远|别人,"['人生', '自己', '永远', '别人', '生活', '做事', '努力', '相信', '因为', '希望']","['人生若皆如初见遇见美好','每个人都想好好经营自己的爱情,人生若只如初见,我不是情感专家,却','它在不断提醒我们,关爱自己,努力生活.一切都要靠自己.']"
12,293,指数|震荡|股市|a股,"['指数', '震荡', '股市', 'a股', '下跌', '反弹', '走势', '行情', '股价', '上涨']","['川普胜选后股市这几天美股大中小盘指数和纳斯达克指数走势,这一两天','美股行情小幅上涨纳斯达克指数创历史新高','周三指数及板块走势情况']"
13,272,新款|短袖|女装|外套,"['新款', '短袖', '女装', '外套', '修身', '韩版', '宽松', '长袖', '大码', '男士']","['2012冬季新款韩版气质修身中长款风衣外套显气质女装','夏季新款男士烫钻t恤时尚潮流圆领短袖青年韩版套头半袖休闲男装','2014秋冬新款女装长袖拼接加绒卫衣女套头韩版圆领修身学生外套潮']"
14,259,航母|海军|空军|战机,"['航母', '海军', '空军', '战机', '战斗机', '军事', '直升机', '坦克', '轰炸机', '美军']","['海军航母舰军事634421','海军航母舰军事554298','海军航母舰军事1156691']"
15,254,孩子|家长|父母|学习,"['孩子', '家长', '父母', '学习', '培养', '教育', '成长', '老师', '焦虑', '作业']","['不舍孩子离开的父母','致家长你的努力,同孩子一样重要','父母要多陪伴孩子,而不是陪着孩子.']"
16,249,好吃|做法|口感|美味,"['好吃', '做法', '口感', '美味', '味道', '入味', '简单', '大厨', '下饭', '鲜香']","['教你家常蚕豆的吃法,简单炒一炒,鲜香入味,好吃营养又','午餐这样做,营养美味还下饭,做法超级简单,家人都爱吃','饭店大厨教你一招,操作简单,好吃又入味']"
17,240,妻子|儿子|婆婆|女子,"['妻子', '儿子', '婆婆', '女子', '小伙', '丈夫', '离婚', '老人', '女儿', '母亲']","['母亲与亲生儿子怀孕图片','90后夫妻结婚未半年生下儿子妻子生完就申请离婚','丈夫处处防着妻子还总造谣妻子偷东西打骂妻子妻子气坏了']"
18,234,植物|种植|土壤|生长,"['植物', '种植', '土壤', '生长', '开花', '叶片', '叶子', '耐寒', '扦插', '栽种']","['日照不足会导致植株生长缓慢,开花少,甚至于不开花.','种植的土壤也要选择透气排水性比较好的土壤,使虎皮兰有一个较好的','植物种子,蔬菜,水果以及土壤4.']"
19,228,演员|节目|饰演|角色,"['演员', '节目', '饰演', '角色', '出演', '这部', '观众', '剧组', '影片', '演技']","['只有在四组演员中试戏表现最优异的一对才能得到出演这期剧本的男女','其实像这样为了角色而牺牲自己形象的演员很多,他们真的很敬业,为','虽然当时人名出演的时候只是一个群众演员,但是第一次接触演员拍戏']"
20,223,放入|倒入|加入|适量,"['放入', '倒入', '加入', '适量', '搅拌', '切成', '捞出', '干净', '备用', '洗净']","['大米淘洗干净放入锅中,放入红薯丝,加入清水至一杯米的刻度2.','1将肉用清水清洗干净,然后切成薄片,剁成肉泥,放入盆中备用.','2锅内倒入适量水,加入所有调料,下所有食材煮熟即可.']"
21,223,美国|阿富汗|俄罗斯|中方,"['美国', '阿富汗', '俄罗斯', '中方', '北约', '安倍', '美军', '日本', '外交', '特朗普']","['美国欲打开世界大战中国已经崛起俄罗斯会站中国抵挡美国吗','据悉,目前美国政府已经有人表示,由于美国撤兵阿富汗事态发展迅速','当天,王毅外长也与阿富汗外长举行会晤,中方再次重申愿意帮助阿富汗']"
22,217,华为|手机|小米|苹果,"['华为', '手机', '小米', '苹果', '评测', '耳机', '上手', '英寸', '蓝牙', '入手']","['lgq70手机拆解曝光ai拍照性能堪比苹果华为旗舰机','新机华为可拆卸屏幕手机iphone超小屏版本小米mix4','小米苹果华为手机生活防水新旗舰款蓝基本功能磁吸充电生活防水标配']"
23,217,春风|相思|多情|人间,"['春风', '相思', '多情', '人间', '流年', '红尘', '天涯', '未必', '流水', '浅画']","['诗词有感柳絮飞时千万缕恰似人间游子行','念一件事,折一枝梅,依山傍水旁,小桥流水边,大美无言','念一件事,折一枝梅,依山傍水旁,小桥流水边,大美无言']"
24,197,有限|公司|科技|股份,"['有限', '公司', '科技', '股份', '招聘', '董事长', '深圳市', '集团', '信息', '电子']","['九人名农业生态有限公司','阳光保险集团股份有限公司董事长人名做医院也要有','阿里巴巴网络有限公司,上海汽车集团有限公司,斑马信息科技有限公司']"
25,188,听到|异母|同父|公子,"['听到', '异母', '同父', '公子', '自己', '一直', '得知', '知道', '没法', '为了']","['其实,武松在路途上本来不打算惹是生非的,可是听到荒山野岭之中的','素人家庭认亲明星弟弟,只因血浓于水成龙的两个同父异母的哥哥在农村','乐嫣听到了皓都的可怕命令,毅然决然决定报信,明明那么害怕,却一直']"
26,184,净利润|同比|股东|上半年,"['净利润', '同比', '股东', '上半年', '股份', '控股', '上市', '净利', '持股', '创业板']","['近期,南国置业公告称,上半年归属上市公司股东的净利润预计亏损3','图解中报欣天科技2021上半年归母净利润为459万元同比下降73','图解中报微光股份2021上半年归母净利润同比增长71约为1亿元']"
27,179,攻略|游记|自由行|旅行,"['攻略', '游记', '自由行', '旅行', '6日', '旅游', '跟团游', '5晚', '携程', '泰国']","['乔豆豆宅炎炎游泰国曼谷游记攻略携程攻略','人生必到的旅行春节越南游记旅游攻略自助游攻略','泰国曼谷芭提雅6日5晚跟团游3晚国际五星酒店全程']"
28,178,星座|生肖|运势|财运,"['星座', '生肖', '运势', '财运', '十二', '贵人', '姻缘', '白羊座', '事业', '横财']","['2021年1月15日十二生肖运势及出生宝宝命理分析','一周运势十二星座每周运势7.117.17','星座星座命理星座']"
29,176,地铁|高速|高铁|列车,"['地铁', '高速', '高铁', '列车', '线路', '铁路', '公交', '交通', '开通', '公路']","['机场高速公路','成都地铁3号线线路说明','沈阳地铁3号线开工.通车时间为']"
30,173,厂家|供应|直销|设备,"['厂家', '供应', '直销', '设备', '不锈钢', '自动', '钢管', '小型', '机械', '焊机']","['厂家直销定制室外码头吊机5t聚业机械热卖无锡港口码头起重机','专业振列机广东厂家定制零件振动排列设备五金小零件自动排列机','奥太铝焊机奥太氩弧焊机双脉冲铝焊机自动送丝铝焊机厂家直销.']"
31,166,大家|小编|留言|今天,"['大家', '小编', '留言', '今天', '看看', '下面', '喜欢', '各位', '一下', '欢迎']","['欢迎评论区留言,需要报告全文请私信小编获取.','接下来小编将为大家分享抖音运营的相关内容,希望能为大家解惑.','所以今天在这里小编就带领大家一起来了解中秋养生知识,来帮助大家']"
32,157,精装|看房|别墅|户型,"['精装', '看房', '别墅', '户型', '随时', '南北', '拎包', '入住', '采光', '出售']","['海门政府旁保利云禧花园电梯洋房精装拎包入住致电','出租星光家园二期2室2厅1卫,精装,拎包入住2800元','近上师大钦州南路康乐小区精装全配南北两房看房方便随时拎包入住整']"
33,155,智能|研发|领域|行业,"['智能', '研发', '领域', '行业', '技术', '物联网', '制造', '未来', '可穿戴', '工业']","['智能家居智能手机,平板智能终端可穿戴设备全自动设备4.','凭借丰富的行业经验,创新的智能技术产品和卓越的数据运营与服务能力','同时华为致力于构建全场景体验,在智能手机,可穿戴设备,智能家居等']"
34,150,玩家|技能|游戏|攻击,"['玩家', '技能', '游戏', '攻击', '武器', '皮肤', '战斗', '英雄', '玩法', '伤害']","['起来珊使用的是魔法攻击,约翰则善于利用各种武器给敌人造成物理伤害','不难发现这两位玩家已经加好友有一段时间了,两位玩家都再相互争夺榜','技能效果可以提升真驭剑士的基础攻击与转职后技能的攻击力,并为']"
35,144,装修|效果|风格|设计,"['装修', '效果', '风格', '设计', '中式', '案例', '现代', '简约', '平米', '别墅']","['现代欧式风格别墅装修设计实景','现代美式别墅客厅餐厅装修效果图欣赏土巴兔装修效果','现代设计风格别墅室内装修效果图']"
36,142,猫咪|狗狗|主人|猴子,"['猫咪', '狗狗', '主人', '猴子', '可爱', '它们', '金毛', '母猫', '领养', '做饭']","['狗狗吃水果','金毛与猫咪为了争吃的,结果气得差点把猫咪一起吃掉','其中讲到狗狗感知情绪以及对主人的一些反应,看到狗狗帮助自闭症患者']"
37,136,调研|书记|市委|一行,"['调研', '书记', '市委', '一行', '副书记', '副主任', '局长', '领导', '视察', '主任']","['市绿化市容局党组书记局长人名带队赴长宁区调研第四','市委书记人名,市长人名为教育基地揭牌.','市委书记人名,市长人名一行视察我公司人民南路施工建设']"
38,134,防控|疫情|应急|演练,"['防控', '疫情', '应急', '演练', '防疫', '开展', '落实', '措施', '工作', '防汛']","['疫情防控汉源县文体旅局加强检查力度全面筑牢疫情防控安全防线','我市各地多举措强化疫情防控措施','为全面提高对新冠肺炎疫情的应急反应能力,促进学校防控和救治工作的']"
39,127,保湿|补水|精华|唇膏,"['保湿', '补水', '精华', '唇膏', '套装', '滋润', '面膜', '化妆品', '修复', '滋养']","['悦木之源灵芝焕能精华水补水保湿修复爽肤水菌菇水蘑菇水200ml','水嫩倍现水乳霜三件套百雀羚化妆品护肤套装补水保湿','可易egf冻干粉寡肽玻尿酸原液修复抗皱紧致补水保湿淡化细纹精华']"
40,121,电影|上映|票房|影片,"['电影', '上映', '票房', '影片', '导演', '院线', '执导', '电视剧', '豆瓣', '主演']","['超级英雄电影黑豹全球票房突破57亿,本周五登录中国院线.','人名导演的作品,电影影目前正在上映,豆瓣评分7.','根据猫眼电影统计数据,漫威电影在中国大陆上映的票房情况表现为两大']"
41,119,语文|下册|年级|教版,"['语文', '下册', '年级', '教版', '上册', '数学', '课件', '小学', '单元', 'ppt']","['苏教版三年级下册语文课件13绝句ppt','2016最新人教版小学数学四年级下册营养午餐ppt精品课件','人教版小学二年级语文上册25古诗两首课件ppt']"
42,116,资产|银行|利率|投资,"['资产', '银行', '利率', '投资', '贷款', '债券', '资金', '交易', '货币', '风险']","['从资产规模看,到2016年末,在华外资银行总资产在中国银行业','速动资产指流动资产中变现能力较强的那部分资产,一般指货币资金','信贷资产证券化业务交易结构流程信贷资产证券化的交易结构安排一般']"
43,115,福利|购买|特惠|优惠,"['福利', '购买', '特惠', '优惠', '158', '惊喜', '会员', '商品', '半价', '立减']","['00购买数量加入购物车nbsp立即购买','拼手速早鸟票仅39.9元,万圣欢乐节10.12惊悚开幕.','拼手速早鸟票仅39.9元,万圣欢乐节10.12惊悚开幕.']"
44,111,招生|分数线|录取|志愿,"['招生', '分数线', '录取', '志愿', '本科', '高考', '专业', '艺术类', '考生', '报名']","['四川师范大学艺术类专业录取分数线是多少?','各招生院校入围资格且高考成绩达到自主招生控制分数线的考生参考','2020年河南省普通高校招生录取控制分数线公布']"
45,111,绘本|儿童|简笔画|幼儿园,"['绘本', '儿童', '简笔画', '幼儿园', '积木', '玩具', '拼图', '简笔', '幼儿', '教程']","['幼儿园故事书硬壳硬皮装启发绘本幼儿习惯培养适合三','东施效颦故事里的中国儿童绘本成语故事书硬壳精装绘本有声伴读3','全国原创获奖暖心绘本全8册儿童绘本阅读3一6岁幼儿园']"
46,104,天气|台风|预警|气温,"['天气', '台风', '预警', '气温', '暴雨', '大风', '降雨', '雷阵雨', '冷空气', '预报']","['天气预报明日午后有雷阵雨','警方提示台风预警刚刚升级为黄色烟花最新位置图和预报在此','预警东北大雨暴雨大暴雨降雨大升级']"
47,102,地方|周边|推荐|游玩,"['地方', '周边', '推荐', '游玩', '错过', '旅行地', '好玩', '去处', '小长假', '旅游']","['五一小长假已启幕还不知去哪玩全国网友一起推荐了泸州这14个地方','秋天最值得去的15个地方,千万别错过','秒杀热门旅行地.南京周边这9个绝美地方,端午就可以去']"
48,99,君子|一日|名日|归于,"['君子', '一日', '名日', '归于', '任重', '三候', '圣人', '苍生', '有声', '宋代']","['印鉴任重,斯文不改,人名日无此君,千里,任重之印,浴小馆','当今斯世,鱼龙逸豫,百卉荣滋,自当居正以待时,尊生以存道.','乃谓宾吏曰防平生师道,忽中暴风,遽感圣人,以相救疗.']"
49,98,投诉|黑猫|信用卡|支付宝,"['投诉', '黑猫', '信用卡', '支付宝', '逾期', '还款', '银行', '额度', '客服', '支付']","['黑猫投诉恶意降额','黑猫投诉请求退款','黑猫投诉疫情期间中信信用卡恶意降额']"
50,96,火法|渣渣|不行|老娘,"['火法', '渣渣', '不行', '老娘', '黑幕', '合群', '乖乖', '不要', '作者', '表情']","['全世界最好的你许放当林兮迟室友面拎着她就走,人家不要面子啊','谁叫我丢人现眼,打牙跌嘴呢l可是,等到天明,你们看吧.','按年龄排座次.年龄一样,按背景来.再不行就君权神授.']"
51,96,清代|青花|年制|瓷器,"['清代', '青花', '年制', '瓷器', '乾隆', '明代', '绿釉', '乡下', '古瓷器', '清乾']","['大清乾隆年制珐琅彩百花方瓶','清代老瓷器古瓷器官窑黄釉盘一件','明代宣德年制青花釉里红缠枝花云龙纹盘子']"
52,94,植物|盆栽|花卉|种子,"['植物', '盆栽', '花卉', '种子', '水草', '绿化', '庭院', '开花', '绿植', '花苗']","['鱼缸造景装饰水草种子真水草小对叶小牛毛种子活体','四季山茶花树苗盆栽带花一树多色茶花庭院花卉植物开花不断浓香型','五十铃玉多肉植物组合盆栽花卉绿植群生多头多肉植物萌新多肉园7折']"
53,91,医院|附属|人民|医科,"['医院', '附属', '人民', '医科', '医学院', '外科', '医疗', '大学', '专科', '眼科']","['首都医科大学附属北京儿童医院一,医生,可以说全国.','医院动态医院新闻科普知识在线视频医院院报媒体关注','医院人多']"
54,90,中学|学校|实验|小学,"['中学', '学校', '实验', '小学', '幼儿园', '公办', '外国语', '校区', '成都', '简章']","['河南开封最好的初中学校是开封求实中学.然后是金明中学.','广州大学附属东江中学国防班,河源市人名实验中学录取分数线出炉','河南省重点中学郑州外国语学校校园全方位展示组图学校大门学生']"
55,85,落实|推进|工作|队伍,"['落实', '推进', '工作', '队伍', '领导', '加强', '强化', '整顿', '部署', '统筹']","['协调小组就已召开3次会议,进一步明确各成员单位任务分工,部署推动','为扎实推进党史学习教育和政法队伍教育整顿工作走深走实,细致落实','三要统筹谋划推进,确保学校主题教育取得扎实成效四要强化组织保障']"
56,85,爱心|公益|助学|正能量,"['爱心', '公益', '助学', '正能量', '慰问', '一线', '物资', '志愿者', '抗击', '助残']","['爱心传递温暖青春放飞梦想文雅爱心基金会','红色国际志愿者日爱心公益志愿服务ppt.ppt','爱心传递义乌同城会公益爱心活动走进赤岸镇三丫塘村']"
57,84,真经|武林|斗罗|郭靖,"['真经', '武林', '斗罗', '郭靖', '大陆', '武功', '太极', '唐昊', '狐妖', '宗师']","['一心觊觎武林盟主之位的金轮法王与郭靖展开对决,未曾想郭靖在已经','斗罗大陆唐昊并非莽夫,他对器魂真身的研究,胜过大师','斗罗大陆唐昊的魅力不是唐三可比拟他甚至超越历代主角']"
58,84,疫苗|新冠|病例|病毒,"['疫苗', '新冠', '病例', '病毒', '确诊', '接种', '肺炎', '疫情', '新增', '感染']","['江苏新增35例新型冠状病毒感染的肺炎确诊病例','上海新增确诊2例本土新冠肺炎病例上海各区域的风险等级不变','2.积极接种新冠疫苗.']"
59,84,火影|忍者|鸣人|忍术,"['火影', '忍者', '鸣人', '忍术', '实力', '铠甲', '进化', '万花筒写轮眼', '胡列娜', '上忍']","['火影,5名拥有万花筒写轮眼的忍者,谁的能力是最强的?','火影忍者七大结界忍术,历代火影联手之术竟不是最强.','火影忍者鸣人仅有的6个弟子,有2人不是忍者,还有一个']"
60,83,预报|靠近|地图|天气,"['预报', '靠近', '地图', '天气', '卫星', '安徽省', '贵州省', '四川省', '河南省', '江西省']","['四川省凉山彝族自治州雷波县新街靠近香江酒楼天气预报','安徽省蚌埠市五河县兴县路靠近华芳国际天气预报','安徽省蚌埠市怀远县城关圈堤靠近淮河天气预报']"
61,82,香辣|排骨|土豆|干贝,"['香辣', '排骨', '土豆', '干贝', '剁椒', '瑶柱', '菜心', '小黄鱼', '青椒', '木耳']","['热销香辣小黄鱼干','美食推荐青椒炒猪脆骨烧烩三鲜丝瓜木耳炒鲜鱿小炒鹿肉','美食推荐豉椒土豆排骨电饭煲可乐鸡翅风味香排骨香辣排骨']"
62,82,博览会|国际|论坛|大会,"['博览会', '国际', '论坛', '大会', '举办', '举行', '展会', '2019', '中国', '招商']","['第十三届上海国际汽车工业博览会','海伦钢琴受邀参加2018中国国际教育装备上海博览会','特斯拉参与了中国国际智能产业博览会']"
63,82,ppt|运算|计算|物体,"['ppt', '运算', '计算', '物体', '数幂', '同底', '定理', '重力', '不等式', '函数']","['物体受到重力重力沿斜面方向的分力与物体运动速度相反重力垂直与','同底数幂的乘法,幂的乘方和积的乘方,同底数幂的除法.','计算同底数幂的乘法']"
64,80,酒店|预订|宾馆|度假,"['酒店', '预订', '宾馆', '度假', '快捷', '公寓', '客栈', '国际', '如家', '住客']","['太原泰博宾馆预订价格,联系电话位置地址携程酒店','沈阳酒店预订','青岛涵碧楼酒店预订,青岛涵碧楼酒店价格地址图片']"
65,77,施工|混凝土|结构|钢筋,"['施工', '混凝土', '结构', '钢筋', '验收', '幕墙', '装配式', '混凝', '脚手架', '浇筑']","['预制装配式钢筋混凝土楼梯构造ppt','装配式建筑三种技术模式,装配式预制混凝土结构,钢结构和木结构','地下室与主体混凝土结构按照清水混凝土标准施工,内实外美,节点方正']"
66,76,运动|训练|站立|动作,"['运动', '训练', '站立', '动作', '拉伸', '背部', '健身', '虚实', '瑜伽', '肌肉']","['准备姿势山式站立于垫上,双脚打开,与肩同宽.','阅读下一篇瑜伽不是简单的拉伸,掌握动作要领,基础体式也能练就好','偏瘫康复器材腿脚踝关节板足下垂内外翻站立训练器械拉筋斜板儿童拉筋']"
67,72,大学|留学|名校|院校,"['大学', '留学', '名校', '院校', '高校', '录取', '学院', '专业', '师范', '美国']","['全国211大学116所,985院校39所,双一流大学42所','留学申请英国顶尖建筑名校巴斯大学成功案例解析','图中所示为陕西的大学,这个省的重点大学有西北大学,长安大学等8所']"
68,70,无量|法师|菩萨|眷属,"['无量', '法师', '菩萨', '眷属', '金刚', '大恩', '作意', '阿修罗', '大威德', '开示']","['放生功德无量,福报果报巨大.','菩提心义说彼佛寿命无量光明无量眷属无量一切皆无量如','菩提心义说彼佛寿命无量光明无量眷属无量一切皆无量如']"
69,70,强度|精度|冷却|温度,"['强度', '精度', '冷却', '温度', '螺母', '保证', '防腐', '金属', '0h', '冷却液']","['立角焊的关键是如何控制熔池金属,焊条要按熔池金属的冷却境况有节奏','为保证结构的强度,我们采用三倍于管封器额定工作压力的安全系数.','风速风向监测仪有较强的防腐蚀性和耐候性测量精度高,量程范围宽']"
70,69,写字楼|大厦|出租|公馆,"['写字楼', '大厦', '出租', '公馆', '平米', '花园', '地铁', '华润', '金尊', '吉屋网']","['科技投资大厦写字楼出租,科投大厦巴黎时韵瑞金花园','建和中心写字楼写字楼出租,体育西路挂靠公司的地址仅','深圳写字楼出租市场租金之福田会展中心附近的写字楼2']"
71,69,网易号|入驻|首页|网易,"['网易号', '入驻', '首页', '网易', '正文', '申请', '搜狐', '字素', '凤凰网', '手机']","['网易首页网易号正文申请入驻学习如何培养自己的爱好.','网易首页网易号正文申请入驻我们进入车内来了解一下.','网易首页网易号正文申请入驻啥类型都有.']"
72,68,游牧|时期|制度|古代,"['游牧', '时期', '制度', '古代', '民族', '运动', '西汉', '文化', '历史', '思想']","['促使建立资本主义新闻思想体系,推动了报界反封建斗争,提高报界自身','宋朝时期,由于马的变少,人们开始多用牛车,也有驴车,达官贵人出入','随着满清成功地解决游牧民族的问题,直隶也终归于平静,但该地区习武']"
73,67,解放军|战役|帽徽|士兵,"['解放军', '战役', '帽徽', '士兵', '战争', '师长', '兵团', '担任', '集团军', '抗美援朝']","['这种士兵解放军全军只有20人,但师长见了都要敬礼,究竟有多牛?','据悉,电影长津湖以抗美援朝战争第二次战役中的长津湖战役为背景','人名担任过解放军哪两个兵团副司令员,志愿军哪个兵团司令员?']"
74,65,书法|楷书|点画|山水,"['书法', '楷书', '点画', '山水', '草书', '笔画', '笔下', '画家', '山水画', '结体']","['姚孟起临九成宫笔力劲健,点画瘦硬,神采丰润饱满,笔出锋含蓄','其点画华滋遒劲结体宽绰秀美点画之间彼引呼应十分紧密外似柔润而内实','原创清同治状元郎徐郙,楷书真迹欣赏,笔法隽秀自然,结体骨气刚正']"
75,65,大灯|外观|采用|格栅,"['大灯', '外观', '采用', '格栅', '方向盘', '内饰', '前脸', '贯穿式', '定速', '车身']","['舒适性配置方面,高配车型配备了多功能方向盘,定速巡航,后驻车雷达','新车标配了前后卤素大灯和大灯高度可调功能,中高配车型还增加了大灯','秦这款车型的日常配置不够丰富,大灯采用的是卤素光源,没有配备天窗']"
76,65,翡翠|颜色|原石|南红,"['翡翠', '颜色', '原石', '南红', '证件', '钻石', '色系', '搭配', '色彩', '婚纱照']","['带血的翡翠,无泪的慈悲.缅甸矿区翡翠是怎样被挖出来的?','无论是网上购买翡翠原石还是直播间购买原石都存在风险和陷阱,如果','上千万翡翠爱好者的聚集地,值得你关注翡翠原石的颜色几乎可以用']"
77,63,图片|第1|绝味|鸭脖,"['图片', '第1', '绝味', '鸭脖', '第2', '厨娘', '陈记', '第4', '第3', '第20']","['华府厨娘酒店个性鸡杂图片第1张','陈记绝味烤面筋门面图片第33张','绝味鸭脖千灯店图片第4张']"
78,63,小学|中学|运动会|举行,"['小学', '中学', '运动会', '举行', '少先队', '学校', '大赛', '佳绩', '典礼', '学院']","['江安县四面山片区秋季小学生球类运动会半决赛在南井小学举行','邵东佘田桥中学举行2019年秋季新学期开学典礼','海洲初级中学举行迎五一教师趣味运动会']"
79,61,发型|刘海|短发|头发,"['发型', '刘海', '短发', '头发', '发色', '脸型', '烫发', '适合', '空气', '发尾']","['中国男明星发型图片男人最好的发型','曾经的短发造型,轻盈的空气刘海或干净的侧分无刘海造型都为她的五官','适合女生显瘦的短发发型']"
80,60,葡萄酒|ml|茅台|啤酒,"['葡萄酒', 'ml', '茅台', '啤酒', '回收', '红酒', '酒业', '茅台酒', '白酒', '香型']","['53度飞天茅台500ml1','西班牙原装进口红酒批发飞歌甜白葡萄酒贵腐甜酒750ml','铜川回收茅台酒回收拉菲红酒']"
81,59,面膜|脱妆|防晒剂|粉底液,"['面膜', '脱妆', '防晒剂', '粉底液', '敏感', '防晒', '肤质', '特别', '真香', '发量']","['现在觉得真香而且对我这种发量少的人来说出门用特别方便,随手抓一','现在觉得真香而且对我这种发量少的人来说出门用特别方便,随手抓一','面膜红黑榜来说说我觉得好用的面膜吧']"
82,59,改装|福特|改色|囚车,"['改装', '福特', '改色', '囚车', '贴膜', '路虎', '原厂', '专用', '顺v', '348']","['13人座囚车15人座囚车福特新时代全顺v348警用囚车哪里卖','福特新时代全顺v348警用囚车车型资料','路虎揽胜星脉极光改装高配悬浮车顶膜侧边柱贴膜高亮镜黑改色膜']"
83,59,车型|销量|中高级|奥赛车,"['车型', '销量', '中高级', '奥赛车', '亚洲狮', '库巴', '速腾', '迈腾', '马里', '轿车']","['除了我们耳熟能详的飞度和奥德赛,还少不了家喻户晓的中高级轿车销量','马里奥赛车库巴城堡马里奥赛车项目的诞生花了六年,项目位于库巴城堡','自媒体正文自主suv中,少有的销量能呈现上涨的车型.']"
84,57,胶囊|服液|说明书|清热,"['胶囊', '服液', '说明书', '清热', '龙补', '夜盲症', '滴剂', '释片', '钠肠', '维生素ad']","['富德康盆炎净口服液无糖型10ml6支清热利湿和血','脑络通胶囊学术九脑络通胶囊联合依达拉奉治疗急性脑','清热解毒步长清热解毒胶囊0.3g18粒2板']"
85,56,摆件|茶壶|玻璃|茶具,"['摆件', '茶壶', '玻璃', '茶具', '创意', '陶瓷', '大号', '套装', '复古', '茶杯']","['查看淘宝倒流香炉陶瓷创意摆件大号思马光砸缸小和尚家用茶道塔檀香','安成德化纯手工白瓷茶壶大号陶瓷功夫茶具包邮','寻砂记宜兴紫砂壶纯手工名家功夫茶壶紫砂茶具套装泡茶壶潮汕家用小品']"
86,54,自动|0l|华型|适型,"['自动', '0l', '华型', '适型', '豪华型', '2013', '柴油', '2015', '手动', '英型']","['帕杰罗进口2015款3.0l自动豪华版国v','8t自动豪华型23.50万优信二手车','长安铃木奥拓2013款1.0l自动豪华型']"
87,54,以免|污染|清洁|气体,"['以免', '污染', '清洁', '气体', '甲醛', '乙醇', '营养盐', '消毒', '毛皮', '热值']","['由于二氧化碳灭火器为纯气体,灭火后不会留下痕迹,不毁坏物质,因此','但要注意不要用手投加,而应用鼓风设备吹入,以免发生人身事故.','如果条件允许,最好每月清洁一次,避免空调内积存的病菌或霉菌扩散到']"
88,53,文物|保存|雕刻|完好,"['文物', '保存', '雕刻', '完好', '考古', '历史', '明王', '散水', '博物馆', '建筑']","['马踏飞燕的出名不仅仅是因为这件文物具有历史故事和考古价值,还','各层八面屋檐的角檐下雕刻精神的施角鱼,垂灯和象鼻,雕刻精美.','门楣则多半以砂岩为建材,因此许多精彩的门楣雕刻都保存完好.']"
89,52,照顾|打工|女儿|母亲,"['照顾', '打工', '女儿', '母亲', '一边', '零用钱', '生活费', '孩子', '聂远', '直到']","['直到高考结束,刘婷依旧每天悉心照顾着母亲.','他带着生病的母亲,一边打工,一边求学.','那两年,任江隆一边照顾老人,一边打工挣钱.']"
90,52,规划|城市|规划图|新城,"['规划', '城市', '规划图', '新城', '巴士', '建设', '改造', '板块', '同城化', '旧村']","['建德市桥南新城控制性详细规划修编草案公示','核心提示菏泽港总体规划获省政府批复,规划依托四条航道建设巨野','三明市城市物流园控制性详细规划调整公示']"
91,51,电动机|插座|开关|微动,"['电动机', '插座', '开关', '微动', '试验机', '相序', '断相', '接线图', '电路', '异步']","['ft1220mc端子微动摩擦试验机插拔力试验机苏州菲','电动机水泵断相与相序保护继电器缺相保护xj3gac380','公牛明装开关插座三孔插座16a空调86型大功率明线盒3孔电源面板']"
92,51,点击|界面|页面|按钮,"['点击', '界面', '页面', '按钮', '弹出', '登录', '选择', '进入', '输入', '浏览器']","['第四步,点击马上体验,直接进去申请界面.','进入我的内容界面找到余额宝并点击进入','在用户管理界面中点击添加用户界面,这里有三种开锁方式可供选择,小']"
93,51,本店|运费|售后|发货,"['本店', '运费', '售后', '发货', '商品', '退换', '保修', '客户', '退货', '理由']","['关于售后我们为每件衣服都购买了运费险所以亲们可以完全放心购买','方方面面做到最好售后支持7天无理由退货,赠送运费险','运费在线支付免运费服务由迈亚家具官方旗舰店发货并提供售后']"
94,51,亏损|巨头|套现|年报,"['亏损', '巨头', '套现', '年报', '上市', '2000亿', '营收', '跑路', 'st', '债务']","['滴滴冲刺上市3年亏损353亿却造出个日本首富','又一地产大鳄要凉公司被2000亿债务压垮老板套现131亿','康芝药业年报遭问询频繁收购亏损公司,商誉减值疑云难消']"
95,50,2厅|3室|2室|1厅,"['2厅', '3室', '2室', '1厅', '平米', '手房', '4室', '1室', '93', '云岩区']","['沙溪华庭3室2厅7689万二手房图片','平安县城西平化小区2室2厅1卫93.13平米','定州市城西星河蓝湾2室2厅1卫93.78平米']"
96,50,电脑|开机|手机|怎么,"['电脑', '开机', '手机', '怎么', '百度', '黑屏', '声卡', '怎么办', 'qq', '系统']","['联想电脑开机出现一串英文,如图片怎么解决,求高手出招,在线等','电脑开机时非正常开机?应该怎么处理啊,请大神指教.','电脑开机后黑屏电脑黑屏电脑进不了系统怎么办']"
97,49,成交|楼市|限购|房价,"['成交', '楼市', '限购', '房价', '新房', '二手房', '下滑', '学区房', '房贷', '环比']","['天津强势推出取消房屋限购限购松绑房贷放宽契税下调','继4月8日珠海楼市限购升级,在全市范围内将全部住宅户型纳入限购.','2021房价预测丨一线城市二手房楼市北京房价深圳']"
98,49,农家|辣椒|特产|调料,"['农家', '辣椒', '特产', '调料', '零食', '虾片', '香辣', '酸辣粉', '花椒', '真空']","['酸辣椒泡椒泡朝天椒农家自制新繁老坛350g四川泡红','烟台新海水产香辣鱿鱼仔海味休闲即食海鲜零食特产10斤散装','贵州特产柴火糊辣椒粉农家手搓辣椒面煳辣椒蘸水辣椒调料250g包邮']"
99,49,养老|社保|养老金|缴费,"['养老', '社保', '养老金', '缴费', '保险', '账户', '缴纳', '退休', '职工', '城乡']","['统一确定机关事业单位和企业职工基本养老保险个人账户记账利率,每年','2019年社保缴费新政策石家庄2018年养老保险新规定','城乡居民养老保险缴费时间什么是城乡居民基本养老保险']"
100,49,0|开工|项目|用地|面积,"['开工', '项目', '用地', '面积', '投资', '平方米', '集中', '公顷', '重大', '41']","['3亿元.西充重大项目集中开工','仁寿7个重大项目集中开工.','3亿元.据悉,此次集中开工的项目投资均在5000万元以上.']"
101,49,1|管理|企业|沟通|凝聚力,"['管理', '企业', '沟通', '凝聚力', '职场', '员工', '流程', '团队', 'docx', '狼性']","['通过运用现代企业管理的方法和手段来进行经营决策和有效管理','凝聚力与向心力一个高绩效团队的向心力和凝聚力作用','高效能人士的七个习惯有效沟通是企业经营管理和我们个人在社会生活']"
102,49,2|售楼处|电话|地址|售楼,"['售楼处', '电话', '地址', '售楼', '楼处', '详情', '楼盘', '中介', '官网', '租房']","['桐庐云湖天境售楼处电话桐庐云湖天境售楼处电话电话','首页碧桂园星悦里售楼处电话地址售楼.','官网广州星河湾区壹号售楼处电话售楼处位置房源价格']"
103,47,3|化学|ppt|反应|及其,"['化学', 'ppt', '反应', '及其', '聚变', '泵站', '首台', '一体化', '制备', '合物']","['中空微纳米结构材料的制备及其在超级电容器领域的应用中国粉体网','稀土金属卡宾配合物化学研究新进展','期刊熔融共聚法用外消旋乳酸直接合成聚乙醇酸乳酸及其表征被引量']"
104,47,4|拍摄|亮度|镜头|摄影,"['拍摄', '亮度', '镜头', '摄影', '相机', '人像', '调整', '远近', '出光', '要么']","['是可以关闭,调整亮度,跟颜色选择的rgb三种颜色','ansi亮度是画面对亮部及暗部细节展现最为清晰时的亮度标准.','可调整图片的亮度,对比度,打印出来效果还是不错的']"
105,46,5|零售|互联网|电商|消费,"['零售', '互联网', '电商', '消费', '跨境', '进化', '抖音', '美团', '叮当', '餐饮店']","['滴滴获40亿融资,京东发布拍拍二手平台,新华书店入局新零售','抖音派vs快手派流量为王,抢占互联网消费市场','而叮当叮当,也就是这成长期企业中之一,互联网线上线下新零售模式']"
106,46,6|画出|画上|小球|复勒,"['画出', '画上', '小球', '复勒', '八度', '火柴棒', '斜面', '右上角', '小狗', '冰糖']","['斜面斜角为,上边放一个光滑的小球,用和斜面平行的绳把小球系住','浓胭脂在正叶中间一条主筋上复勒,只要复勒到二分之一处就可以了,且','首先在左边画出一个宇航员和露出的半个地球轮廓,右上角画出一个半圆']"
107,45,7|收藏|热线|第1|7788,"['收藏', '热线', '第1', '7788', '价格', '银元', '0000', '中国', '第2', '二分']","['大龙船第1张7788收藏中国收藏热线','0000元人名收藏第2张7788收藏中国收藏热线','名人价格元第1张中国收藏热线']"
108,44,8|客户|深受|畅销|广大,"['客户', '深受', '畅销', '广大', '理念', '宗旨', '产品', '服务', '诚信', '专业']","['精益求精的质量意识,为广大客户提供更全面,更优质的服务','产品畅销全国,并出口世界二十多个国家和地区深受海内外客户信赖.','经过十几年品牌沉淀,用最专业的服务理念为广大客户提供房产咨询']"
109,44,9|肩包|女包|斜挎|包包,"['肩包', '女包', '斜挎', '包包', '钱包', '韩版', '牛皮', '背包', '新款', '单肩包']","['红谷小巧马鞍包斜挎包单肩包牛皮包包','女包2017新款包包女欧美大气定型时尚女包斜挎单肩手提包一件代发','雅格莱诗包包2014新款女包时尚休闲韩版女单肩包欧美']"
110,43,0|韩版|男士|新款|拖鞋,"['韩版', '男士', '新款', '拖鞋', '休闲', '高跟', '凉鞋', '凉拖', '软底', '网面']","['2014秋款正品奥康男鞋男士休闲皮鞋软底套脚真皮驾车豆豆鞋单鞋潮','马尔杜克新款冬季男士英伦休闲真皮马丁靴工装鞋潮流行男靴子韩版g','2021春新品韩版尖头粗跟女半拖鞋时尚百搭试衣间高跟一脚蹬懒人鞋']"
111,42,1|规定|义务|权利|合同法,"['规定', '义务', '权利', '合同法', '合同', '刑法', '行政', '诉讼费', '复议', '劳动']","['敦促本县被执行人依法主动履行义务,现根据法律,司法解释的有关规定','第28条规定被征收人在法定期限内不申请行政复议或者不提起行政诉讼','当事人应当基于合同的约定行使权利,履行义务']"
112,42,2|保险|疾险|人寿|寿险,"['保险', '疾险', '人寿', '寿险', '报案', '保障', '保险网', '安盛', '审车', '城保']","['保险分类1保险小白必学之保险分类概述','婴儿能买保险吗平安保险婴儿保险','什么是人寿险,人寿保险有哪些类型?']"
113,41,3|男人|女人|婚姻|中枪,"['男人', '女人', '婚姻', '中枪', '说明', '越是', '吵架', '感情', '约会', '好的']","['真正的好男人从来不帮女人做家务因为','男人最想亲女人11个部位','男人最怕女人说什么男人最怕女人说什么']"
114,41,4|芯片|台积电|华为|垄断,"['芯片', '台积电', '华为', '垄断', '汽车', '半导体', '涨价', '千亿', '美国', 'ai']","['汽车芯片科技含金量不高囤积汽车芯片的人可能输得很惨','比芯片垄断更可悲,全球芯片专家名单确定,前6名全部是','比芯片垄断更可悲,全球芯片专家名单确定,前6名全部是']"
115,40,5|产业|发展|农业|绿色,"['产业', '发展', '农业', '绿色', '推动', '不断', '构建', '推进', '渔业', '资源']","['草原之门是文旅发展,精准扶贫,产业科创的现代农业综合性创新产业园','资源综合利用等产业,成都加快构建碳中和产业生态圈,支撑城市功能','着力培育盐化产业扩展区,金属材料产业集聚区,物流产业集成区和高新']"
116,40,6|河头村|风情|历史|遗忘,"['河头村', '风情', '历史', '遗忘', '文化', '壮族', '台州', '古镇', '人文', '看梅县']","['壮族三月三八桂嘉年华感党恩跟党走首届中旅花山岩画骆越祈福祭祀大典','方家河头村被时间遗忘的古村落方家河头村河头古村位于慈溪的龙山镇','嘉大驻校艺术家人名重塑兰潭校区迷你石板古庙土地公及虎爷金身过程']"
117,39,7|好吃|吃到|面包|扒皮,"['好吃', '吃到', '面包', '扒皮', '这里', '大暑', '小吃', '味道', '菜馆', '日料']","['店里面包品种很多,有每天新鲜出炉的现烤面包,也有包装精美的糕点.','好吃好吃,品种还很多超级.是我去外地坐车必带吃的','不知道是因为这里的面包长得好看,种类多,味道独特,还是因为这里的']"
118,38,8|人名|虚竹|真心|明日,"['人名', '虚竹', '真心', '明日', '戏如', '接话', '狼子', '深陷人', '派大', '此例']","['聊到应该给女生出一本防渣男手册,杨迪接话钱枫哥主编.','戏内戏外皆是自杀结局,人名星人名49岁的戏如人生落幕','五虎中的人名和人名,分别饰演虚竹和段誉,此外还有人名扮演的']"
119,38,9|街拍|美女|身材|性感,"['街拍', '美女', '身材', '性感', '牛仔裤', '紧身', '迷人', '气质', '白色', '穿着']","['街拍蓝色紧身裤配白色短袖t恤的美女,做教练的身材都这样好吗','街拍穿着牛仔裤粉色吊带的美女,穿着很清凉性感.','街拍美女高挑紧身牛仔裤时尚气质漂亮女郎,这身材真是羡煞旁人']"
120,37,0|做法|豆果|食谱|菜谱,"['做法', '豆果', '食谱', '菜谱', '怎么', '好吃', '图解', '大全', '炒意粉', '戚风']","['白酒椰汁青口的做法菜谱豆果美食','孕妇食谱大全及做法孕妇清淡营养菜谱大全','豆腐的做法大全推荐七款豆腐美味的做法2']"
121,37,1|正版|出版社|新华|出版,"['正版', '出版社', '新华', '出版', '名著', '国学', '经典', '漫画书', '畅销书', '书店']","['新华书店我决定简地生活从断舍离到极简主义全新正版','泰戈尔诗选唐诗三百首艾青诗选书正版包邮初中版人民教育出版社人教','全新正版那山那水人名红旗出版社全新正版']"
122,36,2|箱子|往前|只见|漂浮,"['箱子', '往前', '只见', '漂浮', '大街', '师傅', '走到', '老虎', '组成', '疯似']","['时间差不多了,他换上一件类似雨衣的半透明衣服,拖着一个箱子走到','虽然体格小的,但干起活来丝毫不拖泥带水,指哪开哪,穿街走巷.','他们来到村口,只见小兵张嘎塑像包着头巾,右臂高扬.']"
123,36,3|加盟|创业|赚钱|加盟费,"['加盟', '创业', '赚钱', '加盟费', '水果店', '喜爱', '投资', '招商', '盈利', '成功']","['瑞思学科英语怎么加盟?加盟电话多少?','多喜爱儿童家具加盟代理招商多喜爱加盟费多喜爱儿童家具加盟店','数字招商加盟费数字招商加盟费用,是对投资人从成功入手数字经营开始']"
124,36,4|原石|翡翠|和田玉|吊坠,"['原石', '翡翠', '和田玉', '吊坠', '天然', 'a货', '籽料', '精品', '手串', '挂件']","['现货一溪云缅甸天然老坑a货翡翠悟道冰种老蓝水吊坠挂','籽说新疆和田玉天地枣红皮青花籽料原石26克特色精品','莫湾基莫西沙翡翠原石毛料切片明料春带彩雪花棉满绿手镯料']"
125,36,5|央行|经济|美国|货币,"['央行', '经济', '美国', '货币', '利率', '复苏', '增长', '新高', '比率', '强势']","['央行定向降息中国利率能否顶住压力?','欧洲经济前景黯淡欧央行行动压力与日俱增','爱华美联储带头降息,各国央行紧跟其后,全球经济何去']"
126,35,6|简约|茶几|现代|客厅,"['简约', '茶几', '现代', '客厅', '实木', '桌子', '欧式', '沙发', '卧室', '轻奢']","['茶几现代简约可移动家用小户型圆桌经济型创意时尚边几多功能茶台','实木圆角几套桌咖啡桌边几白橡简约时尚小茶几现代小户型茶几','新款茶几简约现代钢化玻璃茶几客厅小户型创意正方形茶几批发销售']"
127,35,7|不错|收到|一模一样|车子,"['不错', '收到', '一模一样', '车子', '实惠', '反正', '实物', '商家', '送运', '费险']","['8分,送运费险我印象中之前的活动价是99吧,反正不比89低','来自6欢产品收到店家服务不错,精确度很好.','好货如云兼容乐高图片和实物一模一样,比乐高性价比高的太多了']"
128,35,8|墓葬|墓主|皇陵|挖出,"['墓葬', '墓主', '皇陵', '挖出', '地宫', '秦始', '古代', '文物', '古墓', '至今']","['河北挖出果郡王允礼陵墓考古学家出来后为何决定永久关闭地宫','甘肃挖出一豪华古墓葬.','陕西古墓发现27吨文物,墓主身份难倒专家,围观村民我']"
129,35,9|壁纸|桌面|风景|种植,"['壁纸', '桌面', '风景', '种植', '成片', '动物', '鸟鸟', '类雀', '竖版', '竖屏']","['壁纸成片种植风景植物种植基地桌面38062538','壁纸成片种植风景植物种植基地桌面600269','啦啦啦壁纸']"
130,34,0|科学院|学院|大学|工程院,"['科学院', '学院', '大学', '工程院', '院士', '研究员', '研究院', '教授', '院长', '协会']","['中国科学院院士,清华大学物理系教授段文晖这些年新疆在经济建设','中国科学院计算机所研究员中国工程院人名院士发表推进网信领域','中国工程院院士,中国科学院海洋研究所研究员人名作了']"
131,34,1|玩具|公仔|纯种|活体,"['玩具', '公仔', '纯种', '活体', '毛绒', '卡通', '幼猫', '罗猫', '迷你', '矢量']","['纯种泰国猫暹罗猫活体淡紫色宠物小猫咪幼猫海豹蓝','新安抚w娃玩具毛绒独角q兽儿童公仔通用陪伴n中影投性','正版q版米老鼠唐老鸭泡沫粒子公仔米奇米妮毛绒玩具儿童节礼物女']"
132,34,2|增值税|执照|备案|办理,"['增值税', '执照', '备案', '办理', '税务', '机动车', '发票', '缴税', '缴纳', '筹划']","['现机动车所有人的身份证明机动车所有权转移的证明,凭证属于海关','营业执照,税务登记证,组织机构代码三种证件,合为了一张执照.','建筑行业核心税务问题和筹划应对之策增值税发票']"
133,33,3|店铺|购物|销售|粘性,"['店铺', '购物', '销售', '粘性', '触及', 'z世代', '显而易见', '流量', '消费者', '战力']","['根据库润数据发布的z世代消费观报告显示,z世代人群在购物时','案例2学员电脑端店铺后台数据反馈,其中pc端成交额为874.','做淘宝我们可以简单的成为赛马机制,也就是店铺流量和店铺权重,以及']"
134,33,4|返回|查看|更多|搜狐,"['返回', '查看', '更多', '搜狐', '来源', '编辑', '回搜', '公众号', '编审', '责任']","['信息来源全州呱喇婆视频来源央视新闻频道返回搜狐,查看更多','来源nmtv新闻天天看返回搜狐,查看更多','用最贴心的文字温暖最真实的你返回搜狐,查看更多']"
135,33,5|航空|波音|飞机|空客,"['航空', '波音', '飞机', '空客', '客机', 'arj21', '航班', '航线', '客a', '飞机票']","['a319飞机模型空客3u8633电影同款四川航空中国机长','成都航空arj21飞机新开3条航线,运营范围进一步扩大','波音客机客机飞机空中客车空客航空']"
136,33,6|钢琴|吉他|简谱|曲谱,"['钢琴', '吉他', '简谱', '曲谱', '第四十五', '拜厄', '鼓谱', '弹奏', '独奏', '琴谱']","['双手弹奏钢琴简谱pocketpiano掌上钢琴弹奏琴谱','拜厄钢琴基础书中第四十五条钢琴谱','拜厄钢琴基础书中第四十五条钢琴谱']"
137,33,7|石壁|山上|此处|山顶,"['石壁', '山上', '此处', '山顶', '境内', '长安', '故地', '寻迹', '宏一', '官道']","['骑迹首日魏武故地,华佗故里,涡阳老子,名人寻迹,夜宿紫光','东台顶人名,北台顶叶斗峰,中台顶翠岩峰,西台顶挂月','石壁三山即宁化县石壁北面的狮子峰,升仙台,双极峰,山顶均建有']"
138,32,8|物架|展架|美容院|衣架,"['物架', '展架', '美容院', '衣架', '梳子', '放锅', '收纳', '文件', '厨房', '批发']","['鞋店鞋子货架展示架鞋包展示柜商城店铺落地鞋架多层展架四川成都','沐宣棠搁物架货物不锈钢厨房用品置物架落地多功能三层放锅架微波炉','欧润哲晾衣架伸缩落地折叠三脚款房间阳台挂衣架衣服收纳架视频']"
139,32,9|陈情令|蓝忘机|人名|家庭,"['陈情令', '蓝忘机', '人名', '家庭', '戴杏芬', '汪苏泷', '毕雯', '汉险', '江澄门', '玄冥']","['陈情令,蓝忘机,人名,肖战','陈情令魏无羡江厌离谈心,江澄门外偷听','石玉听雪楼长老,忘川中去拜月教邀回苏微时中了原重楼的傀儡术']"
140,32,0|微风|置身|夜幕|木质,"['微风', '置身', '夜幕', '木质', '金色', '眼前', '仿佛', '秋天', '呈现', '之中']","['莫上隐就那么亭亭娟秀地伫立在翠竹环绕中,仿若未受世间尘事惊扰的','夜幕降临,僧人在茅屋中独自敲磐诵经,闲适的靠着一枝青藤与他交谈.','霞光的橙色,长空的蓝色,山峦的黛色一起细致地涂染密密泛起的湖水']"
141,31,1|常识|注意|这些|真假,"['常识', '注意', '这些', '真假', '陈列', '知道', '夏季', '警惕', '忽视', '要点']","['注意天燃气的这些潜在危险要警惕','有车一族得注意夏季用车忽视这些可能出大问题','节能宣传周低碳生活,别忽视了这些小事东山']"
142,30,2|周年|祖国|建党|纪念,"['周年', '祖国', '建党', '纪念', '庆祝', '献礼', '英模', '华诞', '中风', '国防']","['中国首部反映高铁发展的史诗巨献飞速时代献礼建党一百周年','剪纸哥多幅剪纸作品献礼建党95周年','庆祝新中国成立70周年征文三等奖我和我的祖国']"
143,29,3|双色球|彩民|号码|彩票,"['双色球', '彩民', '号码', '彩票', '大奖', '开出', '红球', '第2021097', '飞艇', '开奖']","['张家港彩民10元击中双色球137747元号码是随意选的','盘点双色球大奖彩票彩民幸运总是那么相似','今天双色球开什么百度知道']"
144,29,4|房价|楼盘|买房|中山,"['房价', '楼盘', '买房', '中山', '价比', '15531', '感学', '兰庭', '千真万确', '君悦']","['万科物业进驻后这个小区房价肉眼可见地涨了中介直言性价比高','2018年过半.合肥的房价又涨.各小区最新房价出炉,你家','蓬溪最新房价出炉.有的楼盘价格居然降了.最便宜的是']"
145,29,5|早安|早上|祝福|朋友圈,"['早安', '早上', '祝福', '朋友圈', '句子', '说说', '问候', '图片', '带字', '福语']","['2020早上好祝福图片表情动画微信漂亮的早安图片大全','适合早上发的朋友圈早安说说,早上','早安语录励志朋友圈早安正能量句子']"
146,29,6|鬼泣|出航|铁拳|骑士,"['鬼泣', '出航', '铁拳', '骑士', '恶魔', '机甲', '猎人', '番境界', '神威x', '祭cg']","['暗源周年事机2.75寸兵人套装联队新宙斯兵人专区','偶像梦幻祭cg第六期出航.扬帆的海贼祭出航.','金刚铁拳时空猎人机甲起源史']"
147,29,7|意蕴|一幅幅|书法|追求,"['意蕴', '一幅幅', '书法', '追求', '艺术', '绘画', '承载', '手法', '作品', '历程']","['于是他解构常见的纸币,并用其并凑出一幅幅令人咋舌的艺术作品.','随着人们审美品位的提升,书法这一有着不凡意蕴的艺术品类,也在逐渐','富于东方意趣,诗性意蕴的山水画,其形式不仅承载着古人之于道的追求']"
148,29,8|容貌|出众|大方|扮相,"['容貌', '出众', '大方', '扮相', '清丽', '气质', '身上', '淑女', '清纯', '五官']","['也素有着与其姐不相上下的容貌,但眉眼间的媚态却比起姐更加勾人.','阿绣容貌清丽,温柔善良,斯文有礼,她和石破天两个是彻头彻尾的良善','气质出众,容貌姣好,冰冷傲骨,有着难以置信的执着信念']"
149,29,9|党支部|党史|学习|党建,"['党支部', '党史', '学习', '党建', '史悟', '生活会', '召开', '学党', '机关', '组织']","['石景山区纪委监委机关党委各党支部召开专题组织生活会','工作动态市金融办机关党支部召开党史学习教育会','光山县人民医院行政后勤党支部开展党史学习教育专题组织生活会']"
150,29,0|宣传|开展|新风|活动,"['宣传', '开展', '新风', '活动', '禁毒', '文明', '文明树', '公益', '实践站', '移风易俗']","['围墙上讲文明树新风公益广告.图片来源湖州文明网','围墙上讲文明树新风公益广告.图片来源湖州文明网','禁毒宣传石帆街道开展禁毒宣传进文化礼堂活动']"
151,29,1|太阳系|太阳|亮度|冥王星,"['太阳系', '太阳', '亮度', '冥王星', '恒星', '星系', '行星', '天文', '月球', '存在']","['矮行星是介于大行星和小行星之间的一类行星,其中的代表就是冥王星','恒星,太阳,星系,重元素,行星','远在太阳系边疆的冥王星,看太阳变成了星星,那还存在白天吗?']"
152,29,2|中秋|端午节|粽子|diy,"['中秋', '端午节', '粽子', 'diy', '香囊', '月饼', '元旦', '礼盒', '吃水', '赏月']","['赏月吃月饼中秋的仪式感一个不能少李子柒中秋礼盒满满中秋新意','端午节日程给你安排上了.领粽子,做香囊,还能diy美食','端午节粽子diy服务的活动类型']"
153,28,3|变速|货车|900682|epbrs555sh,"['变速', '货车', '900682', 'epbrs555sh', '500333', '500230', '500332', '650718', '650570', '550450']","['5米双压升级款铜管1010l','苏卫食证字2007第320000060029号','后变飞轮钩小自行短拨改装专用变速变速拨3拨臂档车后']"
154,28,4|壁纸|高清|桌面|唯美,"['壁纸', '高清', '桌面', '唯美', '电脑', '大全', '美图', '丁禹兮', '手机', '风景']","['个性十足充满创意的3d形象电脑桌面壁纸高清','变身牛牛高清电脑桌面壁纸','精选唯美风景自然风景高清护眼小清新桌面壁纸下载']"
155,28,5|作弄|性子|她们|嗜酒,"['作弄', '性子', '她们', '嗜酒', '恭恭敬敬', '爷平', '怀着', '多嘴', '小婶', '小孩们']","['小孩们畏惧她捉摸不定的说辞,大人们难堪她突如其来的古怪.','孟芳生性机灵,又嫉恶如仇,碰见那些坑蒙拐骗的家伙,总想作弄作弄.','严辉歉意地看着柏慧说,赵琦就是那种蛮不讲理的性子.']"
156,28,6|开启|称之为|并非|意经,"['开启', '称之为', '并非', '意经', '盛爱颐', '虚无缥缈', '坦途', '谈资', '之实', '造富']","['虽然这样的观点有失偏颇,不能一棍子打死,和尚里面当然也有着瘦子','遇言姐这样说并非同情凶手,而是感叹,消除贫穷任重而道..','杨烁从籍籍无名到邀约不断,他的成功并不是天上掉馅饼,而是不断超越']"
157,28,7|完整|全集|1080p|播放,"['完整', '全集', '1080p', '播放', '在线', '观看', '免费', '中字', '电视剧', '高清']","['扫黑风暴电视剧在线完整播放完整加长版1080p中文字','电视剧长歌行在线完整播放全集全已更新1080p清晰','怒火重案在线完整播放全集已更新1080p高清']"
158,28,8|月球|嫦娥|太空|飞船,"['月球', '嫦娥', '太空', '飞船', '阿波罗11', '玉兔号', '滴答', '三号', '探月', '五号']","['彭兢表示,在完成探月工程三期任务后,我国还计划对月球进行更为深入','查学雷在八院嫦娥五号试验队队旗上签字嫦娥五号探测器是迄今为止','原创月球马拉松7天倒计时.印度月船2号优势突出,嫦娥四号捷足先登']"
159,27,9|增长|同比|增加值|少增,"['增长', '同比', '增加值', '少增', '实际', '存款', '总值', '扣除', '26', '百分点']","['2亿元,增长26规上工业增加值40亿元,增长10.','94亿件,同比增长26投递快递包裹近5亿件,同比增长22.','6.6月份,规模以上工业增加值同比实际增长8.']"
160,26,0|腕表|男表|手表|实金,"['腕表', '男表', '手表', '实金', '女表', '机械', '自动', '正品', '石英表', '表防']","['正品海琴男士手表男表机械表商务镶钻满天王星情侣表男式腕表名表','峰浪fenlon手表女表专柜正品女士手表钨钢陶瓷腕表','佰达利正品简约时尚皮带情侣款手表防水石英表商务休闲真皮男表女表']"
161,26,1|路段|大道|双向|南环,"['路段', '大道', '双向', '南环', '金家湾', '8车道', '公路', '国道', '交叉口', '隧道']","['107国道小刘桥3.中州大道商鼎路下穿隧道2.东三环经北六路1.','川东路陈岭路段铁路桥处道路塌方,该路段已是半封闭状态屋厦桥至北环','其中对南环交叉口约200米路段进行展宽渠化改造,由双车道改为四']"
162,26,2|猪价|价格|大幅|生猪,"['猪价', '价格', '大幅', '生猪', '库存', '近期', '趋缓', '幅度', '观望', '需求']","['今日猪价北稳南涨8元猪价是一个关卡,养猪微利时代','建材玻璃价格大幅回升7月水泥价格继续回落,玻璃价格大幅攀升.','猪价,生猪价格,屠宰企业,生猪,养殖户,涨跌']"
163,26,3|不骄不躁|奉献|岗位|默默,"['不骄不躁', '奉献', '岗位', '默默', '贯彻', '坚守', '他们', '热爱', '劳动', '职工']","['事辍者无功,耕怠者无获.解决问题要一抓到底,发扬钉钉子精神.','他们虽被观众朋友熟知并喜爱,但依旧老老实实做好本职工作,不骄不躁','她们每天在病房里繁忙穿梭着,在平凡的工作岗位上默默的奉献着']"
164,26,4|团购|糯米|百度|代金券,"['团购', '糯米', '百度', '代金券', '烤肉', '鸭脖', '绝味', '西特', '凤芝乡', '木桶']","['4折上鱼舫50元代金券百度糯米十堰团购','木桶鱼3至4人餐团购乐山木桶鱼团购98元百度糯米','绝味鸭脖团购罗湖区其他美食百度糯米深圳站']"
165,26,5|侵权|版权|作者|本文,"['侵权', '版权', '作者', '本文', '联系', '删除', '观点', '网络', '出处', '归原']","['案例及图片来源宏福樘设计如有侵权请联系删除关注星标一下不怕','夏云老师作品小窗幽记综合网络,如有侵权联系删除.','涂上颜色素材来源于网络,版权归原作者所有.如有侵权请联系删除.']"
166,26,6|网络|架构|分布式|跨链桥,"['网络', '架构', '分布式', '跨链桥', '云计算', '开源', '流程', '边缘', '开发', '软件']","['基于hadoop思维的分布式网络爬虫.','这包括在网络边缘提供计算,网络和缓存的多接入边缘计算,以及有助','架构解密从分布式到微服务第2版大流量分布式系统架构解决方案']"
167,26,7|海贼|海贼王|凯多|四皇,"['海贼', '海贼王', '凯多', '四皇', '三灾', '魔人', '龙级', '白胡子', '红发', '索隆']","['海贼王小菊身份成谜,赤鞘九侠仍有一人留在白胡子海贼团.','海贼王单挑王凯多走下神坛,罗杰的实力仅仅与白胡子','海贼王杰克是凯多海贼团三灾中最弱的,却敢在这3人面前截人.']"
168,26,8|lpl|kpl|ag|qg,"['lpl', 'kpl', 'ag', 'qg', 'we', '世冠', 'xrock', 'gk', '输掉', '王者']","['王者荣耀kpl保级赛比季后赛看点还多.首局金身程咬金','qg世冠输掉第一局刺痛直言qg比赛不夺冠原因比赛次序很关键','kpl总决赛,dyg,ag公布赛前海报,小义取代久诚站c位,ag']"
169,26,9|谢谢|一下|大神|什么,"['谢谢', '一下', '大神', '什么', '看看', '高手', '好用', '帮忙', '这个', '相机']","['这个一直约分错误我约出来的是11分之80求计算一下谢谢','请高手帮忙看看宝宝血液检查单,非常着急,谢谢.','麻烦大家帮我认一下这个表怎么认现在应该读什么数字谢谢了?']"
170,25,0|能源|储能|碳中|电网,"['能源', '储能', '碳中', '电网', '集中式', '氢能', '电力', '我国', '分布式', '低碳']","['国际能源署iea联合中石油勘探开发研究院日前共同发布能源','人名院士解读中国能源发展未来可再生能源将担大任','加莱能源在全球分布式清洁能源供应和智慧综合能源服务产业的发展思路']"
171,25,1|电路|电路图|原理|负载,"['电路', '电路图', '原理', '负载', '原理图', '差分', '放大', '保护', '模块', '结构']","['cmos电路中esd保护结构的设计原理与要求讲解','电路电路图电子原理图12071547竖版竖屏','电路电路图电子原理图457448']"
172,25,2|婴儿|透气|纱布|床垫,"['婴儿', '透气', '纱布', '床垫', '吸汗', '纯棉', '宝宝', '儿童', '双人', '单人']","['麻能儿童枕头套婴儿苎麻吸汗透气单人小宝宝枕套凉席配套幼儿园夏季','尿布裤纯棉婴儿防水防漏隔尿纱布透气可洗儿童如厕训练学习裤多宝莉','尿布裤纯棉婴儿防水防漏隔尿纱布透气可洗儿童如厕训练学习裤多宝莉']"
173,25,3|洪崖洞|旁边|环湖|小卖部,"['洪崖洞', '旁边', '环湖', '小卖部', '蒲甘', '景点', '休息', '二街', '眼瞅', '住水']","['在缅甸的蒲甘,有租摩托车的,也有租电动车的,主要是蒲甘游客特别多','如果你坐车是在洪崖洞顶楼这边的马路下车的,问路人,洪崖洞在哪儿','不久后遇到的小卖部,后来上垭口前还有一个小卖部,旁边是观景平台.']"
174,25,4|地块|用地|竞自|商住,"['地块', '用地', '竞自', '商住', '拍卖', '溢价率', '成交', '土拍', '总价', '番禺']","['土地市场浠水挂牌4宗住宅用地,起始总价21376万元','35亿元竞得南宁综保区一宗商住用地溢价率25.7','成都土拍新规则明确部分地块仍要竞自持首提竞销售型人才公寓']"
175,25,5|pes|管理学|ppt|因素,"['pes', '管理学', 'ppt', '因素', '分析', '评估', '培训', '海氏', '平衡单', '08级']","['统计学例子复杂现象总体总量指标两因素分析ppt','ipmp培训之三第三部分项目论证与评估ppt','人效pes实施流程31页人力资源效能pes实施方案,收藏了']"
176,24,6|漫画|卡通|头像|动漫,"['漫画', '卡通', '头像', '动漫', '龙凤胎', '插画', '触漫', '650309', '641406', '690472']","['动漫卡通漫画头像640227','动漫卡通漫画头像500400','动漫卡通漫画头像690472']"
177,24,7|包邮|零食|葡萄干|麦片,"['包邮', '零食', '葡萄干', '麦片', '夹心', '饼干', '巧克力', '布丁粉', '口味', '茶粉']","['百事桂格燕麦片快熟即食燕麦片多种口味任选粗粮','玖光亭夹心曲奇可可夹心饼干网红休闲小零食抹茶海盐','金语马卡隆夹心饼干小包装整箱各种各样儿童水果零食']"
178,24,8|新闻|新闻网|报业|都市报,"['新闻', '新闻网', '报业', '都市报', '要闻', '头版', '商报', '日报', '福州', '新乡']","['航拍西柏坡国内国际新闻频道福州新闻网','来源江南都市报综合中国江西网,江西新闻客户端,新华社,南昌晚报','关注6分钟前成都商报红星新闻官方账号成都商报红星新闻']"
179,23,9|记者|通讯员|新华社|兰州,"['记者', '通讯员', '新华社', '兰州', '谊策', '路娟', '赵晨', '筹何', '毕小莺', '宋志诚']","['记者刘玺东通讯员张帆人名返回搜','见习记者邸凌月本报记者人名深圳,北京报道','从化区融媒体中心记者黄利谊策划统筹何敏然人名人名']"
180,23,0|地板|墙板|隔断|免漆,"['地板', '墙板', '隔断', '免漆', 'kd板', '石塑', '科定板', '竹木', '装饰板', '饰面']","['四合厂家直销强化复合地板1203枪托色12mm木地板','纯手工拼花木地板厂家直销特价艺术拼花实木多层复合地板','巴洛克地板仿古手抓纹实木地板枫木地板全实木质比']"
181,23,1|相机|枰咚|秸饪|杂诙,"['相机', '枰咚', '秸饪', '杂诙', '热缣', '焯缴', '撑袒', '摩o荂谜', '掖蛱', '挥谏']","['是美国的一个手段,特势盏笔毕氲煤芗虻,加征关税能轻轻松松地让中国','这个原因也就是因为性厍淖试春突肪诚喽杂诙钡厍此蹈拥挠','骑荇运动昰超级实鼡啲种腿蔀锻炼方式,鈈仅受箌囡苼啲囍爱,吔哃样']"
182,22,2|银饰|形制|用料|各异,"['银饰', '形制', '用料', '各异', '造型', '细腻', '龙头', '榜理', '杯纹', '机镂']","['此件作品以丝织物为垫底衬托出用黄金丝绣编出九条大小不同,神态各异','整对形制规整,用料精到,纹理细腻,置于文房厅堂,雅致非凡.','此牌用料玉质白润,细腻可人,牌首处饰以竹节,并留有淡淡洒金皮']"
183,22,3|截图|窗口|屏幕|软件,"['截图', '窗口', '屏幕', '软件', '竖版', '竖屏', '471641', '700283', '440693', '630728']","['屏幕截图软件窗口截图535752竖版竖屏','屏幕截图软件窗口截图游戏截图800598','屏幕截图软件窗口截图游戏截图6501349竖版竖屏']"
184,22,4|丸论|鬼灭|cos|破织,"['丸论', '鬼灭', 'cos', '破织', '霸田', '黑桐干', '空释', '雪兔', '银向', '银时']","['cos正片仲村由理sss战线永远的leader','cos弹丸论破江之岛盾子cos正片栾一诺腾讯网','fgo泳装三破织田信长cv钉宫理惠宝具ex']"
185,22,5|雪山|山峰|北湖|珠穆朗玛峰,"['雪山', '山峰', '北湖', '珠穆朗玛峰', '美景', '飞瀑', '居庸关', '高山峰', '黄果树', '三部分']","['玉龙雪山是丽江最有吸引力的景区,也是大多数游客接触的第一座雪山','原创珠穆朗玛峰并不是最高山峰,地球上存在相对高差超过一万米的山峰','冰湖是梅里雪山冰川融化的雪水汇集而成形成的海子,很多的向导都不']"
186,22,6|染发|短发|发饰|发女,"['染发', '短发', '发饰', '发女', '头发', '发套', '发片', '短直', '流行色', '无痕']","['章华桑丝精华焗发霜正品染发剂染发膏黑色彩色植物染发护发遮白6折','韩国植物酸性色彩染发膏染发剂植物染发头发打蜡新品9大极色','染发剂2020流行色短发显白男网红纯黑茶色染发膏女植物盖白发潮色']"
187,22,7|国家|景区|保护区|火宫殿,"['国家', '景区', '保护区', '火宫殿', '5a级', '地理', '公园', '国家级', '旅游', '特产']","['国家公园属于国家,是国家直接管理的生态保护区域,堪称国家品牌','阿拉斯加的冰川湾国家公园和自然保护区是美国最大的国家公园之一.','浙江一座坐北朝南的景区是国家5a级旅游景区']"
188,22,8|饰品|戒指|配饰|吊坠,"['饰品', '戒指', '配饰', '吊坠', '项链', '碧玺', '水晶', '耳环', 'k金', '耳钉']","['一件代发长款毛衣链可爱女孩吊坠项链毛绒镶钻水晶配饰装饰','发饰新款复古合金锆石蝴蝶花朵水钻发簪簪子步摇头饰饰品1彩色','风海有夏樱花碧玺戒指女紫水晶银开口指环日韩潮人个性学生闺蜜尾戒']"
189,22,9|台式|显示器|耳麦|光驱,"['台式', '显示器', '耳麦', '光驱', '话筒', '电脑', 'dvd', '4k', '电视机', '无缝']","['话筒麦克风讲课便携式扬声器扩音器上课耳麦','隐形头戴麦迷你耳麦舞台演出肤色头戴式无线话筒小采.','库存dvd光驱库存台式电脑dvd光驱']"
190,22,0|拜年|贺卡|春节|过年,"['拜年', '贺卡', '春节', '过年', '喜庆', '新春', '放假', '祝福', '年窗', '家欢']","['2020春节年画大号福字新年门贴过年纸福鼠年窗花装饰用品墙贴','918孔府宴酒广告扑克牌厂长春节拜年问好.','传播贺卡中国风海报中国红喜庆祝福春节拜年企业拜年拜年贺卡春节']"
191,22,1|汽车|能源|技术|领域,"['汽车', '能源', '技术', '领域', '层面', '比亚迪', '智能化', '核心', '东风', '领先']","['汽车所造成的环境问题和石油资源紧缺使人们将视野投向了新能源汽车','丰田在新能源领域行销全球千万台,所以在核心技术的成熟可靠方面拥有','从产品形态上来看,中国新能源汽车无疑在智能化等层面已经领先了']"
192,22,2|快乐|阖家|大吉大利|辞旧迎新,"['快乐', '阖家', '大吉大利', '辞旧迎新', '大吉', '安康', '腊月', '福字', '万圣节', '喜庆']","['2021哪些福字可以扫出敬业福要扫什么福字才能扫到敬业福','农历十一月初六,就是要你大吉大利顺顺利利.快快打开微信接福吧','除夕到啦泰禾中国院子祝大家羊年大吉大利,阖家安康.']"
193,22,3|护肤|牌子|护肤品|冲洗,"['护肤', '牌子', '护肤品', '冲洗', '清洗', '怎么样', '搓揉', '黛珂', '效果', '掌心']","['防晒效果好的护肤品,防晒效果好的护肤品,护肤,宝宝,单品','清洁效果好的护肤品,洗面奶什么牌子好,护肤,毛孔','精华什么牌子好,保湿效果好的护肤品,护肤,保健品,美容美颜']"
194,21,4|先生|感谢|本次|总经理,"['先生', '感谢', '本次', '总经理', '致辞', '嘉宾', '各位', '负责人', '招待会', '智库']","['小龙先生本次发布会的协办单位负责人嘉宾分享富胜家居副总经理郑凯','蜜动游乐总公司董事长兼总经理郑炫明上台致词首先感谢在座各位的','首先,领创大地城项目负责人上台致辞,他表示,感谢各位嘉宾及客户对']"
195,21,5|换挡|起步|拨片|m挡,"['换挡', '起步', '拨片', 'm挡', '变速箱', '重心', '驾驶', '刹车', '便利', '手动']","['一档起步如果不是很给油的话起步稍肉,手动档二档比较容易熄火.','而深踩之后,变速箱响应还是很积极且换挡平顺,整个中后段的动力输出','刹车性能在全力加速的过程中,变速箱逻辑相当激进,换挡速度非常快.']"
196,21,6|流心|新鲜|整箱|水果,"['流心', '新鲜', '整箱', '水果', '正宗港', '直航', '断货', '美心', '金桔', '奶黄']","['泰国龙眼新鲜水果包邮整箱新鲜水果鲜桂圆大当季采摘叶5斤应季10','正宗港版美心流心奶黄月饼直航到货年年断货爆浆流心现货开','正宗港版美心流心奶黄月饼直航到货年年断货爆浆流心现货开']"
197,20,7|截图|剧照|壁纸|视频,"['截图', '剧照', '壁纸', '视频', 'png', '微信', '1079523', '640736', '750534', '690809']","['壁纸剧照视频截图664327','壁纸剧照视频截图633445','壁纸剧照视频截图641683']"
198,20,8|微信|二维码|关注|公众号,"['微信', '二维码', '关注', '公众号', '福卡', '搜索', '随机', '扫描', '哔哩', '公众']","['我们在购买他们家的门锁之后,只需要在微信公众号上搜索德施曼服务','下一篇关注伴宝网微信公众号免费课程随到随学.','微信可在线快速进行登记,搜索公众号西安本地宝,关注后']"
199,20,9|食过|虾饺|秘制|寿司,"['食过', '虾饺', '秘制', '寿司', '2017年', '12月', '搵食', '斋米', '靓车', '宋熙年']","['水伯小食店最钟意食哩度噶肠粉,炒斋米呲牙以前拉','立食寿司店立鮨一支公速食逾七十款寿司即叫即握区区搵食','虾饺皇拼潮州香芹粉果虾蛟爽口,味道都唔错,可惜皮穿孔,漏了汁.']"
200,20,0|脱贫|扶贫|攻坚|精准,"['脱贫', '扶贫', '攻坚', '精准', '贫困村', '助推', '致富', '入户', '党建', '坝黄镇']","['连江党建联盟手牵手脱贫攻坚快步走','上海援疆强化消费扶贫着力打赢脱贫攻坚战公益节目','清清卢氏百姓直通车脱贫攻坚文艺巡演走进贫困村']"
201,20,1|诗人|李白|杜甫|海子,"['诗人', '李白', '杜甫', '海子', '唐代', '大多', '文学', '名动', '沉郁顿挫', '乍觉']","['障百川人名,纳群山于足下,古人用雄浑壮阔的诗句描述不招律','鲁东门观刈蒲是唐代诗人李白所作的一首五言古诗此诗生动形象地','后来许多诗人都不墩飧銮,为它填写新词,因此唐代许多诗人都写有']"
202,20,2|安庆|未来|城市|即将,"['安庆', '未来', '城市', '即将', '平潭', '副其实', '剧变', '商丘人', '圈名', '长兴人']","['徐家汇即将发生剧变.未来经济全面大爆发.','长兴即将出现一座新型商业综合体.号称要承包长兴人许多的第一次','大局已定.安庆即将全面爆发.安庆人的身价要暴涨了.']"
203,20,3|1日|停车|收费|新规,"['1日', '停车', '收费', '新规', '停放', '3月', '煤矿', '实施', '车辆', '试点']","['关注3月1日,中小学惩戒新规开始执行,这些红线不能碰.','请在实施收费管理区域停放机动车辆的车主严格遵守公共停车泊位使用','南宁停车收费新规实施首日道路停放车辆减少']"
204,20,4|礼让|车辆|路口|行人,"['礼让', '车辆', '路口', '行人', '导流线', '辅路', '减速', 'u型', '否则', '驾驶员']","['礼让行人.','主路车辆右转进入辅路时,即使辅路车辆直行,也必须','唐山开车遇到行人过马路要礼让.否则罚50扣3分.']"
205,20,5|句子|心情|句句|说说,"['句子', '心情', '句句', '说说', '心累', '暖心', '短句', '精辟', '伤感', '感悟']","['最新版生活感悟经典说说句子句句精湛值得深思','生活的句子说说心情,总有一句触动你的心','喝酒后的心情经典句子']"
206,19,6|名著|正版|黑格尔|传墨,"['名著', '正版', '黑格尔', '传墨', '9787505429468', '9787552022674', '9787510450884', '9787200130829', '9787300263489', '9787530969533']","['中国工程院院士传记人名传9787516513149中航出版','黑格尔美学引论人名著9787530969533天津教育','正版保障公司法学人名著9787307083530武汉大学']"
207,19,7|小区|房产网|楼盘|东莞,"['小区', '房产网', '楼盘', '东莞', '长滩', '福州', '西二环', '鼓楼', '明东', '上海']","['上海房产网上海小区浦东小区洋泾小区民生四村','东莞房产网东莞小区万江小区石美小区雨云亭小区','福州房产网福州小区鼓楼小区西二环小区美之国二期']"
208,19,8|甄嬛|后宫|穿越|皇帝,"['甄嬛', '后宫', '穿越', '皇帝', '2634', '起身', '温实初', '颖儿', '陵容', '茜茜']","['甄嬛传里的敬妃','重温甄嬛终于懂了为何端妃和人名最后都远离了甄嬛','甄嬛传皇上驾崩后对甄嬛有恩的叶澜依为何却自尽春禧殿']"
209,19,9|ktv|腐女|加油|宅男,"['ktv', '腐女', '加油', '宅男', '理哈哈哈哈', '号唱', '合诵', '唱吧', '绿当', '欧巴']","['鞋子特大号唱吧,最时尚的手机ktv','宅男腐女的最爱,清新喜剧电影明明是ta先喜欢我的','借过原版旋风少女唱吧,最时尚的手机ktv']"
210,19,0|大学|学院|宜宾|工业,"['大学', '学院', '宜宾', '工业', '电气', '职业', '河南', '理工', '工程', '校区']","['东华大学机械工程学院唐智教授汇报西南石油大学工业设计专业学科','上海交通大学电子信息与电气工程学院english','公办有河南财经政法大学,郑州航空工业管理学院,河南财政金融学院']"
211,19,1|方剂|针灸|中医|经方,"['方剂', '针灸', '中医', '经方', '正版', '医药', '中草药', '养生', '主编', '中药']","['中国针灸大成灸法卷采艾编翼神灸经纶太乙离火感应神针','针灸学图表解中医备考丛书郭义主编人名正版书籍','正邮付方剂学用速记经方大家付教授的方剂学学用书']"
212,19,2|歌剧|钢琴|音乐会|京剧,"['歌剧', '钢琴', '音乐会', '京剧', '剧院', '音乐', '简谱', '歌曲', '大相', '梵乐团']","['优秀青年京剧演员徐敏张派青衣戏里戏外精彩瞬间京剧新生代1','人名中国民族新歌剧的杰出代表八十二岁上台演唱仍拒用话筒','上师大音乐学院教师余笛上戏表演系青年教师上海歌舞团独唱演员']"
213,19,3|摄影|风光|园博园|黄田古,"['摄影', '风光', '园博园', '黄田古', '图片', '名胜', '村落', '太平洋', '索方', '粤东']","['粤东第一大佛摄影图片海丰莲花山风光摄影南海','英国剑桥大学摄影图片美国风光旅游摄影生活中的','暮色黎明海边的记忆摄影图片风光摄影一路顺风']"
214,18,4|贪污|饿死|活活|皇室,"['贪污', '饿死', '活活', '皇室', '官几十年', '晁信初', '晁家', '孙登', '应允', '齐昭']","['胤祥当时已经身患重病,但是他还是不辞辛劳地帮雍正去四处寻访名山','于是下决心宁死也不食清朝粮,坐于苏门山孙登啸台旁活活饿死.','晁家庄园是晁信初的祖业,晁信初当县官几十年,贪污受贿了许多钱财']"
215,18,5|安卓|纯净|内置|披萨,"['安卓', '纯净', '内置', '披萨', '客户端', '反馈', '下载', '微信', '69miui97', '0pc']","['首页安卓软件网上购物鼠米优品app1.0.','炫彩渐变色小米cc9内置壁纸高清下载内置芝麻科技网','国旗汇1.0.05安卓客户端下载mdpda手机网']"
216,18,6|哈哈|哈哈哈|笑死|星星,"['哈哈', '哈哈哈', '笑死', '星星', '20后', '羊哈', '摇袋鼠', '好会', '程年人', '冒昧']","['看起来完全行得通让人忍不住笑出声来哈哈哈哈哈哈哈就是,蜗牛','人名白回来了哈哈哈哈哈哈哈哈这个话题吉克隽逸看了都发出疑问','好想知道变成什么样了笑死,哈哈哈哈哈哈']"
217,18,7|乡村|振兴|美丽|沿河,"['乡村', '振兴', '美丽', '沿河', '亳州', '农村', '建设', '公路', '农业', '振兴金']","['林城相拥擘画美丽亳州亳州市林拥城林长制改革示范先行区建设记略','全国美丽乡村路助力梁平乡村振兴','会员动态丨38载筑乡村梦以建设数字乡村助力乡村全面振兴']"
218,18,8|手抄报|抄报|手抄|清明节,"['手抄报', '抄报', '手抄', '清明节', '节手', '小报', '内容', '端午', '宪法', '简单']","['游泳防溺水手抄报大全儿童夏季防溺水安全手抄报图片01','浓情端午可爱手抄报模板及图片端午福粽手抄报图片','呵护眼睛从小做起手抄报模板及图片保护眼睛手抄报']"
219,18,9|考点|英语|考虫|托福,"['考点', '英语', '考虫', '托福', '复习', '中考', '听力', '外语', '单词', '丛书']","['一建高频考点05又是常考的21个考点,快拿小本本记好','零基础快学英语单词易人外语教研组著人名美克里斯汀编外语实用英语','新托福听力7天突破新航道英语学习丛书']"
220,18,0|搭载|动力|混动|发动,"['搭载', '动力', '混动', '发动', '油电', '机动力', '混合', '充沛', '插电式', '0l']","['目前,新款汉兰达已经上市,全系搭载的丰田的油电混动,搭载2.','充沛的动力储备动力上,探岳搭载ea8882.','动力上,新车推出搭载内燃机,插电式混合动力的车型.']"
221,18,1|行业|报告|前景|前瞻,"['行业', '报告', '前景', '前瞻', '市场', '研究', '分析', '预测', '投资', '深度']","['更多行业相关数据请参考前瞻产业研究院中国酒店行业发展前景与','中国手术机器人行业市场前景及投资机会研究报告,同时中商产业','2021年中国新冠药物行业分析报告行业全景评估与发展前景研究']"
222,17,2|执法|市貌|市容|加强,"['执法', '市貌', '市容', '加强', '整治', '督查', '联合', '高新区', '部门', '通力']","['下一步,东湖街道将继续加强对车容车貌的督查力度,逐步健全监督奖惩','只有采取强硬的治理措施,才能将我们的市容市貌彻底整治下去.','高新区城市管理综合执法大队结合自身职责,联合交警,住建,环保部门']"
223,17,3|竖版|竖屏|灯饰|门面,"['竖版', '竖屏', '灯饰', '门面', '灯具', '店面', '6901035', '6761200', '650850', '641915']","['灯灯具灯饰10801527竖版竖屏','600829竖版竖屏','641915竖版竖屏']"
224,17,4|课程|教育学|教授|副教授,"['课程', '教育学', '教授', '副教授', '研究', '理论', '硕士', '方向', '教学', '一部分']","['莱斯大学采用小班制教学,学生将在本科阶段完成建筑史,理论,实践和','一部分课程是大学所学专业的相关基础课程,另一部分则教授学习技巧等','内夫教授同时也担任本学期另一门专业核心课程跨学科研究理论,方法']"
225,17,5|单票|票票|票本|纸本,"['单票', '票票', '票本', '纸本', '便签', '665513', '640743', '8671000', '750872', '728450']","['单票票票据1344760','单票票票据600579','单票票票据682594']"
226,17,6|画手|简笔|绘线|竖版,"['画手', '简笔', '绘线', '竖版', '竖屏', '书法', '国画', '绘素', '描线', '7001157']","['简笔画手绘线稿661564','国画简笔画手绘线稿690494','简笔画手绘线稿426626竖版竖屏']"
227,17,7|挂画|装饰|墙贴|壁画,"['挂画', '装饰', '墙贴', '壁画', '墙纸', '墙画', '手绘墙', '现代', '吊饰', '背景']","['柳叶小鸟家居电视沙发创意个性背景墙贴装饰壁纸画自粘贴纸贴画9折','现代简约金色轻奢装饰画九鱼图力争上游手绘油画玄关过道挂画','浮森映画kaws画解剖潮流装饰画创意客厅卧室无框画个性挂画墙画']"
228,17,8|地产|城央|大宅|开放,"['地产', '城央', '大宅', '开放', '样板', '融创', '低密', '鸣丨', '亚厦', '5880']","['七彩云南第壹城4月初将开放样板房首推住宅','融创61宸阅和鸣丨城央低密生态洋房开启金普人居新时代','俊发逸天峰全新售楼部城央大宅实体样板间正式开放']"
229,17,9|召开|委员|会议|党代会,"['召开', '委员', '会议', '党代会', '选举', '常务', '专委会', '第十七', '第六', '委员会']","['时政要闻华坪县第十七届人民政府召开第十二次常务会议','通过第一次党员大会选举产生第一届学院党委委员,配齐配强基层党支部','娄底市城投集团召开职工大会选举产生新一届工会委员']"
230,17,0|灰霉病|托洛尔|有机物|温度,"['灰霉病', '托洛尔', '有机物', '温度', '氧气', '猕猴桃', '养分', '水分', '细菌', '合格']","['这和温度过高导致水分蒸发过快,从而造成作物对硼钙等必须养分吸收不','普洱茶产生霉味的原因微生物在养分,水分及氧气充足的环境中','二,灰霉病猕猴桃灰霉病是由半知菌类灰葡萄孢侵染猕猴桃后引发的']"
231,17,1|票票|单票|竖版|竖屏,"['票票', '单票', '竖版', '竖屏', '乐谱', '曲谱', '演唱会', '640873', '一码通', '7801105']","['单票票票据7801105竖版竖屏','单票票票据572734竖版竖屏','单票票票据512800竖版竖屏']"
232,16,2|李老汉|阿梅|猪蹄|大吃一惊,"['李老汉', '阿梅', '猪蹄', '大吃一惊', '饭砌', '向哥', '响屁', '哮天犬', '喊道', '头来']","['李老汉大着胆子又走到蟒蛇的头边上,慢慢的蹲了下来,李老汉突然发觉','他赶紧跳起来,脸色苍白地奔下楼梯,大声喊道阿梅.阿梅.','言罢,从怀中掏出了那四个猪蹄.杨柳看到那四个猪蹄后,大吃一惊.']"
233,16,3|素材|背景|海报|模板,"['素材', '背景', '海报', '模板', '金色', 'ps', '图线框', '高保', '创欧式', '0x0像素']","['金色材质金属质感金箔高清背景素材','投资理财时间沙漏金色背景素材','简约鲜美蔬菜沙拉店海报背景素材']"
234,16,4|贷款|额度|首付|银行,"['贷款', '额度', '首付', '银行', '的话', '申请', '100万20年', '结婚证', '大前提', '还清']","['以贷款100万20年还清为例,两者还款的区别可以看下图','在完成车辆评估后,贷款机构就会和借款人签订贷款合同,然后就会发放','通过这个过程,银行会对你考核,若你的工资薪酬达到你申请的贷款额度']"
235,16,5|时装周|秋冬|米兰|街拍,"['时装周', '秋冬', '米兰', '街拍', '2018', '邢昭林', '继色', '丝达人秀', '亚太区', '三宅']","['持更胡歌作为阿玛尼ea代言人参加米兰时装周','2020米兰时装周最好最狂野的造型之莫斯奇诺','2018秋冬中国国际时装周街拍,追逐中国风,勇于突破第']"
236,16,6|多功能|炒锅|铁锅|夹层,"['多功能', '炒锅', '铁锅', '夹层', '年糕', '小型', '煮面', '电煮', '火锅', '家用']","['章丘铁锅舌尖纯手工铁锅正宗手工锻打圆底炒锅不粘锅龙鳞手工铁锅','韩式电热锅多功能精致花纹电煮锅烤肉电炒锅无烟不粘电火锅','小浣熊宿舍学生电煮锅多功能家用煮面火锅小型1人2小']"
237,16,7|香炉|神像|财神|大帝,"['香炉', '神像', '财神', '大帝', '皇天', '雕塑厂', '仙家', '塑像', '福字', '观音']","['庄子神像孔子神像五圣神像药王爷塑像树脂木雕彩绘贴','人名铜香炉家用室奉香炉纯铜宣德沉香檀香香薰炉冲耳大号三足供佛','泰山爷塑像五岳大帝南岳大帝神像三官大帝雕塑厂家']"
238,16,8|脚下|飞号|拉萨河|寻根,"['脚下', '飞号', '拉萨河', '寻根', '猫儿', '好似', '王山观', '圣城', '图虫网', '禾木村']","['万仙山绝壁长廊之二郭亮村人工隧道','华南穿越酃峰南风面茶盐古道游记','珠峰脚下静静流淌的绒布河名飞号行空图虫网']"
239,16,9|充电|亚光|快充|主板,"['充电', '亚光', '快充', '主板', '取出', '电池', '显示', '无线', '仓盖', '7led']","['中间的圆形滑块,金属制,亚光,耳罩外壳不清楚是不是铝制,也是亚光','取出粘贴在充电盒底部的无线充电线圈,可以看到壳体四周有结构加强','充电40w华为有线超级快充和27w华为无线超级快充,真香']"
240,16,0|严重|卫辉市|淹没|暴雨,"['严重', '卫辉市', '淹没', '暴雨', '内涝', '积水', '气候', '电力', '遭遇', '多地']","['暴雨过后的勉县,受城市内涝,地基下陷等因素影响,电力基础设施受损','给居民的出行和生活雨水倒灌入室,粮库遇险,镇区积水严重,道路被淹','近日,河南省新乡市卫辉市遭遇强降水天气,卫辉市城区被洪水淹没.']"
241,16,1|漫画|原田知世|佐木|民王,"['漫画', '原田知世', '佐木', '民王', '步履', '王学园', '甘城', '梦色卡', '半泽', '直树']","['民王热血搞笑又深刻的政坛喜剧半泽直树作者又','食戟之灵漫画第178话剧情内容和腹黑学姐大战','漫画伤痕小酒馆决定制作真人剧原田知世']"
242,16,2|家长们|同学们|孩子们|开学,"['家长们', '同学们', '孩子们', '开学', '陪同', '好评', '暑假', '家长', '耳际', '翘首以盼']","['家长们陪同孩子一起观看好家风,好家教的视频.','这是一堂家长课.新学期开学之际,国际学校的家长们为?','自习课上,传入耳际的只是奋笔疾书的声音,下课后,同学们讨论问题的']"
243,16,3|亚湾|旅馆|酒店|6阿戈斯托利港,"['亚湾', '旅馆', '酒店', '6阿戈斯托利港', '考拉', '聂门', '阿塔卡玛', '胡安', '阿姆斯特', '阿吉拉']","['约金聂门马克凯鲁旅馆jokiniemenmatkailu','阿姆斯特丹的酒店阿姆斯特丹南区老城奥利斯住宿加早餐旅馆','寂静之声乌拉亚湾阿塔卡玛黑岛圣地亚哥瓦尔帕莱索比尼亚']"
244,16,4|插画|原画|动漫|原创,"['插画', '原画', '动漫', '原创', '嘻哈', '少女', '二次元', '头像', '钟风华', '发包']","['电影乘风破浪海报其他插画插画望川鸟原创','妖神记立绘插画游戏原画逆鳞美术原创作品','甲铁城的卡巴内瑞无名插画插画习作零加贰原创']"
245,16,5|海报|设计|招募|绚丽微,"['海报', '设计', '招募', '绚丽微', '五相', '庆海', '福生', '黄海款', '软文', '模板']","['时尚贷款海报设计','科技互联网海报设计背景图','海报设计专题冬至海报合集']"
246,15,6|招聘|单位|事业|人员,"['招聘', '单位', '事业', '人员', '汇总表', '公开', '师范', '岗位', '衢州市', '试疫情']","['2021年度事业单位招聘试疫情防控告知书','2013年衢州市衢江区人社局第二期事业单位招聘报名委托书','附件1.省属事业单位公开招聘工作人员岗位汇总表2.']"
247,15,7|职场|领导|提拔|辞职,"['职场', '领导', '提拔', '辞职', '潜规则', '干事业', 'b换', '长说', '跟店', '调岗']","['领导特别讨厌员工做这3类事却有人天天在做难怪提拔无望','揭秘职场潜规则别这样被迫离职,还自认为不称职.全是','职场上有这3个特征的人最容易被提拔成领导这就是现实']"
248,15,8|视频|优酷|微博|播单,"['视频', '优酷', '微博', '播单', '娱乐', '哥tvt', '咪咕', '透饭', 'into', '八卦报']","['娱乐影像力娱情舆理的微博视频','流行歌曲播单优酷视频','达可作品播单优酷视频']"
249,15,9|博客|博恒|日志|日常,"['博客', '博恒', '日志', '日常', '日记', 'plog', '啄米', '和讯', '东东', '事物藏']","['博恒博恒的和讯博客','电子工厂工作总结电烙铁篇r1的日志网易博客','超酷的卫星拍摄东东的日志网易博客']"
250,15,0|填报|考入|志愿|录取,"['填报', '考入', '志愿', '录取', '高考', '大学', '跑腿', '事业编', 'b君', '一知半解']","['考生在填报志愿的时候,在网络上查找了很多高校冷门专业,历年来断档','录取分数可以说明问题,每年比其他大公司高几十分之一,高考志愿填报','今年是广东首年实施新高考改革,很多同学对于新高考志愿填报一知半解']"
251,15,1|人名|检车员|代领|方艳军,"['人名', '检车员', '代领', '方艳军', '秦礼', '韩辛', '口是心非', '蒋勋', '名叶', '李欣']","['花间集深刻影响了人名,人名,人名,人名,蒋勋,人名','瑜伽,健身,人名,哑铃,人名,杠铃,李欣','段奖励检车员检车员方艳军,人名,人名,人名']"
252,15,2|出生于|祖籍|吉林省|父亲,"['出生于', '祖籍', '吉林省', '父亲', '辽宁', '抗清', '张本', '裴矩', '两界', '迁居']","['权迎东1976年出生于吉林通化,定居北..','出生于马来西亚的槟城,父亲为当地华侨,亦曾任香港太平绅士.','人名出生于北京,后来随父亲迁居江西,10岁时始回故乡东莞.']"
253,15,3|蝗虫|养殖户|看来|十几万,"['蝗虫', '养殖户', '看来', '十几万', '石球', '一两百', '补栏', '钳鱼', '缺苜蓿', '活虾']","['8年前卖到十几万一条,如今有价无市成笑柄,养殖户还敢','该国一斤蝗虫10美元,如今千亿蝗虫肆虐,却比中国吃货还激动','30斤小猪近20元斤,养到出栏的成本是多少?养殖户还能补栏吗?']"
254,15,4|文档|阅读|下载|在线,"['文档', '阅读', '下载', '在线', 'pptword', '经济学', 'word', '无忧', '06月', '22010年']","['简谱基础乐理知识pptword文档在线阅读与下载无忧','饭补支取表word文档在线阅读与下载免费文档','圣经历史概揽pptword文档在线阅读与下载无忧文档']"
255,15,5|资本|融资|获数|投方,"['资本', '融资', '获数', '投方', 'prea轮', '数千万', '创投', '天使', '获得', '投资']","['本轮融资由scalepartners势乘资本担任独家资本顾问.','在今年4月,小象生活完成数千万元天使轮融资,其中愉悦资本为领投方','又获得今日资本的prea轮融资,投资方为今日资本']"
256,15,6|大明湖|秀丽|七彩凤县|入胜,"['大明湖', '秀丽', '七彩凤县', '入胜', '豪生', '花畑', '串场河', '违地', '钱塘江', '闻名遐迩']","['豪生酒店位于青城前山新山门对面,依山而建,温泉池都是天然的石头','皇都侗寨浑厚纯朴的民风民俗和秀丽的山水交相辉映.','一城山色半城湖是大明湖风景的最好写照,大明湖景色优美秀丽,名胜']"
257,15,7|大赛|作品|首届|设计,"['大赛', '作品', '首届', '设计', '获奖', '雕塑', '合宝', '心丨', '演奏家', '紫荆杯']","['首届金菜花杯云南生物多样性花卉摄影大赛启动100个大奖等你瓜分','人名学校2018首届魅惑梦境主题创意面具大赛作品','2021年索尼世界摄影大赛专业组建筑类获奖作品公布']"
258,15,8|五官|属性|准确|结合,"['五官', '属性', '准确', '结合', '材料', '美食', '运用', '地分', '平视', '指图']","['学会合理运用透视法会让你更加准确的捕捉到事物的空间关系,更便于','散点视觉流程指图与图,图与文字间呈自由分散状态的编排,强调感性','用彩铅皮肤色以及与五官颜色接近的彩铅,按明暗关系绘制出五官及脸部']"
259,14,9|乳香|西洋|半夏|参切片,"['乳香', '西洋', '半夏', '参切片', '冲泡', '莲子', '枸杞', '盆子', '同仁堂', '中药材']","['杞里香黑枸杞原浆含花青素300ml非宁夏鲜榨枸杞汁即食','乳香中药材精选一级乳香珠生乳香500克纯净无杂质另有制乳香没药','买2发3融泽西洋参切片正品长白山西洋参含片花旗参片']"
260,14,0|一定|生僻字|四杰|俄罗斯式,"['一定', '生僻字', '四杰', '俄罗斯式', '桐梓', '纽北刷', '拍全', '健跑君', '懂么', '圈速']","['纽北刷圈速我们为什么总喜欢挑战极限?','健跑君日记塞班竟然有这么强的爆发力,99的人都不知道.','原创他们是中国抗疫四杰,各个身怀绝技,你一定都认识']"
261,14,1|押韵|主旨|第四|联想,"['押韵', '主旨', '第四', '联想', '诗词', '行退', '独断', '玩谐', '叫嘲', '地激']","['为什么古诗的第三句一定不押韵?','诗词最基本的要求是押韵,实在不行退一步大多数句子能押韵也可以.','每个人都会玩谐音梗,都会押韵,学歌词不存在真实的需求.']"
262,14,2|制造业|一带|智库|创新,"['制造业', '一带', '智库', '创新', '一路', '数字化', '泾河', '共探', '正心', '网新']","['借力一带一路宝钢湛江钢铁公司致力打造绿色环保生产基地','全球制造业争夺战之青岛策探访青岛制造业的战略高地','中制智库新望发展制造业需要对外开放营商环境科技教育支撑']"
263,14,3|身穿|红色|黑色鸭|蓝发,"['身穿', '红色', '黑色鸭', '蓝发', '黑灰色', '脏兮兮', '红绿色', '书兜', '耳饰', '染成']","['美女五官精致,身穿一件红色衣服,尽显肤白貌美.','长相清纯,气质优雅身穿一袭白裙,耳朵上戴着夸张的花朵造型的耳饰','人名身穿红色t恤,头戴黑色鸭舌帽,显得精神矍铄,气色很好.']"
264,14,4|傻柱|宋茜|青青|小马,"['傻柱', '宋茜', '青青', '小马', '见面', '林磊儿', '鲍莉', '妻心', '娄晓娥', '宋宁宇']","['佟年为米邵飞和亚亚牵线搭桥,还送猫给韩商言,两人初吻要来了','傻柱全家人逃难,娄晓娥临走的晚上,成为傻柱的第一个','遇龙雪阡寻突如其来的温柔让青青心跳加速青青对阁主动心了']"
265,14,5|惊上|恢稚|理管|通交,"['惊上', '恢稚', '理管', '通交', '群可', '茶公', '者生', '百面', '微销', '瓷套']","['电学小套全同电儿幼快子网木件手百零园红拼抖款子生','用陶泡茶茶公.网夫全自瓷套办室具家红约懒音简功壶动同半人款抖','的年升将为惧户案功微销从放于客个试理标么正组小高,整输多通档给太']"
266,14,6|素材|高清|剪纸|下载,"['素材', '高清', '剪纸', '下载', '图片', '图行', '图库', '123', '唯美', '矢量']","['蓝天白云素材高清图片下载红动网','手绘大朵盛开菊花png透明素材图片图行天下图库','喙图片素材喙图片大全喙高清图片素材喙未来素材']"
267,14,7|贸易|合作|建立|倡议,"['贸易', '合作', '建立', '倡议', '宣言', '友好', '关系', '一带', '一直', '战略']","['中方愿加强一带一路倡议同欧亚经济联盟的对接,继续扩大双边贸易','中日关于建立致力人名与发展的友好合作伙伴关系的联合宣言和','双方发表了中阿关于建立战略合作伙伴关系的联合宣言.']"
268,13,8|旺旺|街坊|好多|卤味,"['旺旺', '街坊', '好多', '卤味', '味道', '豆腐', '秋秋', '君酌', '香小吃', '嘉兴路']","['对君酌旺旺餐馆跃进路店好久不吃旺旺,又开了好多','嘉兴路这家老街坊本帮面馆,靠地道上海味道深受虹口食客认可喜爱','5五通桥的秋秋卤味在市交委这边开了好多年了,做的都是街坊邻居的']"
269,13,9|施工|标准化|工程|安全,"['施工', '标准化', '工程', '安全', '责任', '管理', 'icti', '监督站', '日盛', '报检']","['企业社会责任企业社会责任报告icti安全生产标准化','严格按照武汉市安全文明施工标准化要求进行建设配置和管理','工程施工管理工作施工中没有严格执行隐蔽工程安全技术交底和报关报检']"
270,13,0|鬼书|榜尾|伊58|茶养,"['鬼书', '榜尾', '伊58', '茶养', '选组', '中忍', '足矣', '编成', '三玖', '野王']","['云顶s3,三星大眼1秒2000真伤,一本鬼书足矣,激光炮','日本新选组的丢人事件把艺伎的广告信当情书,还编成册炫耀','潜水空母伊58谁反对三玖我就打爆谁的狗头.jpg67']"
271,13,1|出金|骗局|亏损|荐股,"['出金', '骗局', '亏损', '荐股', '追回', '曝光', '无法', '内幕', '呼app', '金待']","['胡家班牛散群亏损被骗大曝光无法出金血本无归原因揭晓如何挽回损','滴呼app中信公益无法出金内情没法出金真正缘故公布','国发创展限制出金是何原因揭秘不出金真相被骗黑幕曝光']"
272,13,2|霸道|蛇皮|古言|总裁,"['霸道', '蛇皮', '古言', '总裁', '有毒', '反派', '男主', '主腹', '现言', '主别']","['5本现言甜宠文暖风不及你情深霸道宠妻,男主又撩','此女有毒书包网男主腹黑且深情的古言这个反派有毒','古言修仙文傲娇徒弟太凶残病娇男vs小狐狸全程苏到炸']"
273,13,3|浇筑|完成|箱梁|施工,"['浇筑', '完成', '箱梁', '施工', '挡土墙', '东广场', '八楼', '东半幅', '主桥', '中板']","['中铁贵州公司东广场项目首件中板混凝土顺利完成浇筑','目前已完成东半幅非机动车道和主干道沥青浇筑,箱涵施工完成40.','该高架桥总共由37联现浇箱梁组成,平均每月可完成四联箱梁浇筑.']"
274,13,4|多样化|目标|求侧|熟悉主,"['多样化', '目标', '求侧', '熟悉主', '端对端', '审视', '跟需', '完成率', '供应侧', '产品']","['2,每个阶段性目标的工作都会被细化,形成文档或是表格等客户看得懂','这个过程需要你对产品有一个很深入的了解,不只是熟悉主流程操作逻辑','那么多样化的它就要靠供应侧跟需求侧双方来建立一个多样化韧性的体系']"
275,13,5|吸引|眼球|消费者|起到,"['吸引', '眼球', '消费者', '起到', '防弹服', '推销', '泛化', '仅作', 'newbalance', '当要']","['商品如何展示摆放才能更吸引客户的眼球','因此我们一般认为原创的具有独特见解的内容更能够吸引用户的眼球','颜色亮丽清晰,这样才能起到向消费者提供产品信息,以起到刺激其购买']"
276,13,6|孪生|目的性|平安无非|欠缺,"['孪生', '目的性', '平安无非', '欠缺', '证伪', '势能', '确实', '分寸感', '生殖', '辱华']","['心理预期较高的顾客很容易给差评而在品牌势能方面,也许就更指望不上','但人们却依然对数字孪生没有足够的了解,比如说,数字孪生的技术体系','当然其目的性也显而易见,无非就是想让被告知的对象能够对其有所印象']"
277,13,7|匆匆|留给|渐长|岁月,"['匆匆', '留给', '渐长', '岁月', '流逝', '那年', '随着', '也许', '自以为是', '哀伤']","['亭台楼阁,会随着岁月的流逝兴废不定.','光阴冉冉,岁月匆匆,春光明媚的四月,居然马上就这样悄然离开了','每个人都有匆匆那年,每个人都在匆匆那年里自以为是的无敌和哀伤.']"
278,13,8|湖面|心醉|千灯湖|波光,"['湖面', '心醉', '千灯湖', '波光', '幻彩', '粼粼', '霓虹', '夜景', '剑般', '迁徙而来']","['霓虹幻彩的千灯湖,美得心醉.','北湖公园,面积超大,湖面波光粼粼,岸上杨柳泛青,还有鲜花盛开.','霓虹幻彩的千灯湖,美得心醉.']"
279,13,9|垃圾|回收|垃圾桶|水体,"['垃圾', '回收', '垃圾桶', '水体', '分类', '处理', '废弃物', '分门别类', '丢弃', '混杂']","['可回收垃圾投入蓝色可回收物垃圾桶','适宜回收和资源利用的生活垃圾.','垃圾分类科普.别再让我们生活在都是垃圾的环境中了.']"
280,13,0|名人|标题|黄龄|白描人,"['名人', '标题', '黄龄', '白描人', '圹开', '剧托儿', '八卦人', '金擀面', '丞丞人', '仕人']","['胡斐程灵素钱小豪人名1980电影飞狐外传','拉场戏梁赛金擀面老磁带二人转小张买鱼懂孝芳人名','中国烹饪封面人名人名刘毅姜习人名郑友梅人名人名李淑']"
281,12,1|标志牌|示牌|标识|安全,"['标志牌', '示牌', '标识', '安全', '标志', '标语', '警示', '消毒', '证厂', '制度牌']","['斯图安全出口夜光安全标志牌自发光安全方向标识','拉结点pvc标牌安全标识牌标志牌建筑工地警示警告提示牌施工公路','耳订必须戴耳塞安全指令标志牌中英文验厂警示标志牌订制定做优惠券']"
282,12,2|大戏|演出|剧院|惠民,"['大戏', '演出', '剧院', '惠民', '承德', '戏剧', '京剧', '首演', '乐峰', '高甲戏']","['保利大剧院四周年大戏隆重登场.你们喜欢哪出?','传承大戏雷峰塔在苏州文化艺术中心大剧院上演,益','67传承非遗南安市高甲戏剧团惠民演出走进乐峰']"
283,12,3|载货|马力|运输车|长途,"['载货', '马力', '运输车', '长途', '汽车', '客车', '图片', '一汽', 'tc', '四牵']","['tc5070xpb中天之星牌排爆器材运输车图片中国汽车网','一汽解放柳特神力l4r重卡220马力4x2国四牵引车','斯堪尼亚g440马力6x4复杂路况长途长途牵引车国四']"
284,12,4|舞蹈|表演|民族|服装,"['舞蹈', '表演', '民族', '服装', '演出服', '挂毯', '出服', '舞蹈服', '拉丁舞', '头饰']","['第十届小荷风采舞蹈服装那是啥儿童舞蹈服六一表演','云南少数民族纳西族女装披星戴月纳西族服装丽江民族舞蹈演出服','苗族侗族壮族舞蹈服装头饰帽子民族舞舞蹈演出头饰舞台表演配饰']"
285,12,5|男生|火炎|焱燚|独畲,"['男生', '火炎', '焱燚', '独畲', '边儿', '称呼', '双叒叕', '字跑', '站到', '杀然']","['尼玛骑个车东张西望不安分.','火炎焱燚这四字我又双叒叕读错了,你会读吗','男生还特别喜欢玩女生脸上的肉肉时不时来个揉脸杀然而更主要的']"
286,12,6|父母|自得其乐|愧对|姚佳仁,"['父母', '自得其乐', '愧对', '姚佳仁', '一拖再拖', '佳仁', '惊不已', '养大', '刘野', '还报']","['一拖再拖,直到被家人发现,打胎已经来不及.','父母辛辛苦苦把他养大,供他上大学而他竟然做出如此冲动的事真不知他','知道姚佳仁家庭条件不好,所以在恋爱期间姚佳仁的一切开销基本上都是']"
287,12,7|韵母|拼音|字典|大班,"['韵母', '拼音', '字典', '大班', '年级', '幼儿', '注音', '论语', '著金波', '卡托班']","['伊索寓言注音美绘版学拼音读名著金波推荐入学必读名篇小','幼儿学前拼音韵母音调大全','妈妈教我读拼音正版咚咚鼠幼儿园大班一年级学拼音单韵母复韵母声母']"
288,12,8|真题|高考|英语|试题,"['真题', '高考', '英语', '试题', '汇编', '高三', '试卷', '模拟', '详解', '评析数']","['2018高考全国卷2英语真题及答案分析一览','新版高考五年真题地理国卷近五年高考真题汇编详解高考快递','高考数学全国统一命题卷模拟试卷汇编高考理数模拟真题分类详解高三']"
289,12,9|古城|帅府|之一|游客,"['古城', '帅府', '之一', '游客', '元勋', '尚武', '盐矿', '声名', '烟灯山', '气改']","['西班牙的千年古城,曾经是欧洲三教融合的代表,如今游客云集','而恐龙之乡西峡从此声名远扬,由此吸引了世界各地的游客,络绎不绝.','山西这个古城,被称为保存最完好的四大古城之一,一张门票玩三天']"
290,12,0|报名|缴纳|毕业生|报考,"['报名', '缴纳', '毕业生', '报考', '申请', '报考者', '进止', '补报', '考试费', '报考生']","['证书样张东华大学网络教育学院只负责报名资料的收集和备案,对报名','没能在私布的时间内进止报名确认且完成纳费的报考生,即视为自动放弃','网上补报名时报考者须缴纳报名考试费110元.']"
291,12,1|免票|不得|入场|体温,"['免票', '不得', '入场', '体温', '陪同', '校服', '接种', '全程', '口罩', '防护衣']","['3米以下儿童及70岁以上老人免票.','男生不得穿破洞装.开学后班主任统一分发校服,全体学生必须穿校服.','入场前各位青年嘉宾先至签到处签到,领取口罩做好体温检测,酒精擦手']"
292,12,2|哔哩|相簿|6螃蟹|事哔,"['哔哩', '相簿', '6螃蟹', '事哔', 'ooc', '一族', '7火', '呆呆', 'doremi', '柴犬']","['杰佣车吧,ooc,关于生日哔哩哔哩','绝斥深红哔哩哔哩相簿','是个暴荼哔哩哔哩相簿']"
293,12,3|符必|小圆|卡牌|式神,"['符必', '小圆', '卡牌', '式神', '伤害', '玩家', '收益', '升星', '千分之一', '138万']","['圣歌玩家一枪打出138万点伤害副本boss被瞬秒','出其不意童子打须弥兽诀如果这衣服能再有个体魔双加或者力敏双加什么','小圆符必打,小圆符佩戴,龙婆多小圆符必打']"
294,12,4|垃圾|分类|先行|污水,"['垃圾', '分类', '先行', '污水', '采砂', '狮形岭', '环保屋', '投放箱', '章管', '续写']","['居民使用智能垃圾分类投放箱图片来源硚口发布','阅读下一篇东莞莞城绿色环保徒步行,垃圾分类我先行返回网易首页','垃圾分类我先行润州区首个智能垃圾分类环保屋投入使用']"
295,12,5|最佳|主角|电影|提名,"['最佳', '主角', '电影', '提名', '金马奖', '百花奖', '凭借', '获得', '电影节', '获奖']","['凭借在唐山大地震中的表现,获得大众电影百花奖最佳新人奖','同年,他因主演电影跛豪而获得香港金像奖最佳男主角提名.','刘烨也凭借这部电影一战成名,获得金马奖最佳男主角奖']"
296,12,6|复产|财政|复工|喜家德,"['复产', '财政', '复工', '喜家德', '纳税', '对内', '此项', '面临', '人口', '回响']","['那么,通过此项数据往往能够直观反映各地经济状况与当地财政收入的','上图是一张三国时期人口密度分布图,简单明了,谁家的纳税人口最多','严峻的疫情给企业复工复产带来了困难,复工复产是日常生活和经济平稳']"
297,12,7|2662|油饼|炸元|伊伊,"['2662', '油饼', '炸元', '伊伊', 'mikisun做', 'inerbear1219', '6199', '521', '切法', '随风']","['随风2662做的豆沙蛋黄酥','疯狂的石头521做的榄菜豆角窝窝头','小虾米de妈咪做的腰花,鱿鱼花切法']"
298,12,8|拼读|文辞|古词|610,"['拼读', '文辞', '古词', '610', '3册', '阿尔法', '文题', '多动症', '作文书', '兼美']","['专注力训练耳机记忆力阿尔法脑波儿童多动症注意力全','你应该熟读的中国古诗古词古文,套装共3册,文辞优美,感发人','新东方多纳自然拼读故事,帮助孩子跨出英语阅读第']"
299,11,9|数学|物理|共价键|配平,"['数学', '物理', '共价键', '配平', '观察量', '必备ppt', '章全', '电子云', '选修', '培优']","['高中物理必修一分析物体的受力教师必备ppt','第十二章全等三角形及判定培优练习.pdf6页','大山高中数学速算90分基础之第一招第2节美眉奇函数秒值']"
300,11,0|起居室|家居|装修|卫生间,"['起居室', '家居', '装修', '卫生间', '设计', '厕所', '书房', '648500', '900557', '800560']","['家居起居室设计装修650398','家居起居室设计装修754570','家居起居室设计装修648500']"
301,11,1|主页|贴吧|快手|直播,"['主页', '贴吧', '快手', '直播', '百度', '97', '钟扎菲', '兵兵', '博豪', '向儿']","['向儿的主页快手直播','毕凌教主97的主页快手直播','夺命的爱谁敢要的主页快手直播']"
302,11,2|买房|手别|旅家网|证到,"['买房', '手别', '旅家网', '证到', '房子们', '亏掉', '早办', '限牌', '好3', '更急']","['2021年贷款买房的人一定要注意不懂亏掉几十万','2021年买房擦亮眼,内行人告诉你,聪明人买房都会避开2','外地人在郑州买房,把握5招,买房从不犯错开始.5点实用']"
303,11,3|黄河|心趣|新篇|嘉陵江,"['黄河', '心趣', '新篇', '嘉陵江', '摄制组', '靓扎尕', '笔绘', '蒲岐镇', '并村', '采聚']","['本周播出追赶超越谱新篇渭南篇让黄河成为造福人民的幸福河','心泊灵秀山水大型纪录片嘉陵江摄制组走进南部','蒲岐镇并村更并心趣味运动会展风采聚民心促融合']"
304,11,4|阿弗莱克|巨人|独眼|牛黑,"['阿弗莱克', '巨人', '独眼', '牛黑', '大师生', '奇想', '威廉罗纳德诺克斯', '姜头斯科尔斯', '布鲁斯韦恩', '洛琳华']","['闪电侠,本阿弗莱克,阿弗莱克,布鲁斯韦恩,安德斯穆斯切蒂','蒙尼的地球一日游自私的巨人提秀斯王子与克里特神牛黑布林英语','独眼巨人的笑声贝尔纳韦尔贝著名笑星独眼巨人达利斯收到一']"
305,11,5|壁灯|简约|吊灯|卧室,"['壁灯', '简约', '吊灯', '卧室', '现代', '餐厅', '人事', '走廊', '客厅', 'led']","['苏宁放心购客厅吊灯简约现代亚克力灯臂发光店铺商用灯创意轻奢餐厅灯','厂家直销客厅餐厅卧室品牌led隐形风扇灯现代简约风扇吊灯批发','led壁灯床头灯卧室客厅走廊过道墙壁灯阳台楼梯灯现代简约创意']"
306,11,6|作家|残骸|小说|文学奖,"['作家', '残骸', '小说', '文学奖', '文学', '诺贝尔', '小康', '外国', '大奖', '郭天']","['作家郭天印余韵正浓长篇报告文学第二次战役','诺贝尔文学奖获奖作家精品系列共6册包揽诺奖作家最','我的名字叫红诺贝尔文学奖得主帕慕克之代表作人名译外国小说']"
307,11,7|夜探|生日|周年|船机,"['夜探', '生日', '周年', '船机', '1226', '金秋喜', '5x19', '活动周', '柳枝', '羊角山']","['9月7日2019中华垂钓大赛羊角山俱乐部成立四周年庆','2017年夜探系列第四站天坛公园夜探博物认知活动','生日快乐亿合门窗11月份员工生日晚会温馨举行.']"
308,11,8|现象|干旱|寒流|核尘埃,"['现象', '干旱', '寒流', '核尘埃', '温差', '七彩云', '乱流', '几百米', '海雾', '有害性']","['七彩云是指太阳光线与云彩中的冰晶结构产生的自然现象,在合适的天气','因为乱流,急风等多变的自然现象,飞机急速掉个几百米也是有可能的.','但热带雨林的湿度很高,所以自燃现象发生的概率要远远低于干旱地带的']"
309,11,9|舞风|jg|o衡|大舞厅,"['舞风', 'jg', 'o衡', '大舞厅', '歌颂者', '名ppt', '故事人', '名红', '游泳馆', '召集']","['人名红大舞厅图片','小英雄故事人名ppt','人名jgo衡美形象']"
310,11,0|抽奖|获得|参与|即可,"['抽奖', '获得', '参与', '即可', '大奖', '红包墙', '材送', '卡通马', '万鬼节', '传素']","['同时还可以参与10万购物卡抽奖活动.','爱护牙齿抽奖转发抽奖','活动现场签到即可参与红包墙抽奖']"
311,11,1|标志牌|旗架|旗杆|厂家,"['标志牌', '旗架', '旗杆', '厂家', '轮座', '亚克力科', '变光', '双齿', '光源板', '7配件']","['无碳复写纸手写自带垫板房东通用厂房档口写字楼收租单据票据定制定做','路灯旗杆广告牌制作铝合金道旗架批发灯杆道旗架厂家','旗面固定架横幅婚庆杆子户外活动支架旗注水旗带底座旗杆旗帜布']"
312,11,2|培训|小面|哪里|火锅,"['培训', '小面', '哪里', '火锅', '大理', '哪家', '蛋糕', '正宗', '无骨鸡爪', '阀值']","['这个问题就由人名实战烘焙蛋糕培训学校杭州蛋糕培训机构的小编','正宗潮汕牛肉火锅哪里有培训,学牛肉火锅技术培训','麻辣小面培训面食早餐培训全套重庆小面培训先尝后']"
313,11,3|钓位|钓法|作钓|调漂,"['钓位', '钓法', '作钓', '调漂', '野钓', '9处', '拖钓', '七星漂', '钓饵', '钓点']","['换句话说就是七星漂在作钓时如何配重,也就是如何调漂.','秋季钓翘嘴攻略根据时段找钓位特种钓法分享','大鱼再不好钓,也万万不可挑选这钓位钓鱼作钓鱼种']"
314,10,4|专业|cs|激烈|专科,"['专业', 'cs', '激烈', '专科', '生欢', '复盖', '幸选', '吃香', '铁饭碗', '人庆']","['中国烟草将大规模春招平均年薪高达18万的铁饭碗专科也有机会','国内这些专业的本科课程基本上复盖了cs的核心课程,这些专业背景的','计算机科学专业cs是当下最吃香的专业,也是竞争最激烈的专业.']"
315,10,5|创业者|提兰|卫哲|勾地,"['创业者', '提兰', '卫哲', '勾地', '阿里ceo', '打杂', '打败人', '高打', '看遍', '死撑']","['从屏蔽热搜的蒋凡到高举高打的人名,也谈阿里价值观','95后创业者,靠土味小视频打败人名喜提兰博基尼','入行33年,看遍行业起伏非遗传人人名的木偶人生']"
316,10,6|齐山|黎香湖|雾蔓|荷韵,"['齐山', '黎香湖', '雾蔓', '荷韵', '荷塘影', '溪续', '游米', '游云', '丰江', '雨后']","['水清见月.','雾蔓新丰江','雨后齐山天水溪续']"
317,10,7|怪兽片|人罗尔|团们|河狸,"['怪兽片', '人罗尔', '团们', '河狸', '死寂', '逃婚', '死城', '克里斯汀', '克鲁德', '狠角色']","['不同于普通的怪兽片,死寂逃亡的主角团们不但需要时刻防止制造','剧院资助人罗尔在观看剧目时认出舞台上的童年玩伴克里斯汀并与她','外婆是一个通达且明事理的老人在华莉丝赤脚逃婚穿越沙漠来到她的']"
318,10,8|超爱|e子车|铺子ce|海鲜d,"['超爱', 'e子车', '铺子ce', '海鲜d', '成公', '巫马', '冲拳', '日活', '公户', 'thenappinghouse']","['pokmongo日活直逼推特','超爱喝饮料巫马傲柏','超爱吃海鲜de子车从阳']"
319,10,9|合同|劳动|合同书|聘用,"['合同', '劳动', '合同书', '聘用', 'doc', '范本', 'docx', '0911', '企饭', '东奥']","['合同范本之超额再保险合同翻译.docx','高管聘用协个议不能代替劳动合同.doc','合同样本论文深圳市外商投资企业的劳动合同书.doc']"
320,10,0|合作化|欧盟|学者|效率,"['合作化', '欧盟', '学者', '效率', 'docx4', '传源', '店遗', '讯息', '惠益', '策下']","['合作化与未来中国农村经济发展人名合作化经济思想研究','边疆讯息王卓,人名国际公共服务供给实践与理论探析','新华书店遗传源及相关传统知识获取与惠益分享重要问题研究']"
321,10,1|学习路|相伴|学路网|感恩,"['学习路', '相伴', '学路网', '感恩', '章程学', '网学', '随访', '习路', '遇尚', '孕产妇']","['置业顾问自我介绍案例学路网学习路上有我相伴','青年志愿者活动报道学路网学习路上有我相伴','感恩老师助我成长学路网学习路上有我相伴']"
